customer,number_of_items_ordered
330,14
440,14
443,14
1957,14
2675,14
3473,14
4305,14
1274,13
1569,13
1685,13
1734,13
2075,13
5200,13
5066,13
2126,13
2188,13
2725,13
3583,13
4482,13
4836,13
144,12
394,12
740,12
801,12
1096,12
1150,12
1851,12
2547,12
2612,12
2895,12
3187,12
3292,12
3363,12
3654,12
3940,12
4014,12
4186,12
4623,12
4732,12
5017,12
522,11
978,11
1153,11
1214,11
1265,11
1795,11
2000,11
2369,11
2961,11
4123,11
4232,11
5317,11
4422,11
4611,11
17,10
271,10
567,10
635,10
1206,10
1457,10
1504,10
1999,10
2781,10
3234,10
3659,10
3710,10
3774,10
3828,10
4363,10
4479,10
9,9
92,9
864,9
927,9
1323,9
2073,9
2182,9
2254,9
2309,9
2364,9
2786,9
2851,9
3082,9
3355,9
3821,9
4064,9
4077,9
143,8
392,8
5264,8
915,8
1034,8
1043,8
1946,8
5266,8
2431,8
2471,8
2602,8
3136,8
3138,8
3423,8
3589,8
3702,8
3886,8
5202,8
4364,8
4555,8
4789,8
4893,8
317,7
387,7
745,7
792,7
5315,7
1090,7
5080,7
1639,7
3018,7
3095,7
3189,7
3304,7
3476,7
3692,7
3887,7
4131,7
5136,7
5322,7
4423,7
4667,7
4838,7
78,6
5137,6
800,6
980,6
1340,6
1398,6
1684,6
1796,6
1866,6
2491,6
2548,6
2902,6
3729,6
3945,6
4005,6
4015,6
4416,6
4665,6
4841,6
4955,6
2,5
208,5
314,5
700,5
855,5
1093,5
1100,5
1461,5
1509,5
1887,5
2124,5
2187,5
2242,5
2479,5
2847,5
2889,5
2967,5
3226,5
3289,5
3412,5
3417,5
3539,5
3705,5
3776,5
4184,5
4189,5
5201,5
4235,5
4603,5
4669,5
4735,5
5011,5
11,4
12,4
15,4
24,4
32,4
35,4
42,4
48,4
65,4
74,4
76,4
82,4
85,4
87,4
101,4
104,4
107,4
109,4
110,4
111,4
121,4
124,4
130,4
131,4
138,4
152,4
155,4
157,4
174,4
5161,4
186,4
190,4
197,4
203,4
214,4
219,4
220,4
224,4
255,4
5100,4
265,4
275,4
5120,4
282,4
287,4
298,4
300,4
312,4
318,4
322,4
334,4
346,4
384,4
388,4
399,4
419,4
431,4
436,4
453,4
483,4
491,4
494,4
499,4
510,4
513,4
5160,4
5057,4
5284,4
5339,4
5104,4
545,4
551,4
5368,4
5364,4
575,4
578,4
600,4
608,4
612,4
620,4
621,4
628,4
629,4
641,4
642,4
649,4
652,4
668,4
674,4
679,4
693,4
711,4
714,4
720,4
733,4
751,4
753,4
757,4
765,4
775,4
778,4
779,4
781,4
798,4
817,4
824,4
829,4
831,4
834,4
835,4
845,4
849,4
859,4
883,4
926,4
935,4
945,4
946,4
948,4
952,4
957,4
965,4
971,4
982,4
994,4
996,4
1014,4
1020,4
1021,4
5109,4
1030,4
1035,4
1036,4
1037,4
5091,4
1059,4
5327,4
1065,4
1066,4
1080,4
1088,4
5363,4
1104,4
1116,4
1122,4
1132,4
1133,4
1139,4
1140,4
1145,4
1175,4
1176,4
1182,4
1193,4
1204,4
1218,4
1219,4
1226,4
1230,4
1232,4
1233,4
1238,4
1244,4
1250,4
1278,4
1283,4
1290,4
1291,4
1297,4
1303,4
1341,4
1363,4
1367,4
1377,4
1391,4
1399,4
1413,4
1416,4
1417,4
1429,4
1435,4
1442,4
1445,4
1450,4
1451,4
1453,4
1458,4
1471,4
1475,4
1478,4
1490,4
1492,4
1500,4
1501,4
1505,4
1522,4
1535,4
1542,4
1564,4
1565,4
1568,4
1582,4
1590,4
1591,4
1593,4
1611,4
1613,4
1618,4
1642,4
1648,4
1650,4
1656,4
1659,4
1663,4
1670,4
1675,4
1686,4
1704,4
1715,4
1718,4
1738,4
1745,4
1754,4
1759,4
1767,4
1773,4
1784,4
1791,4
1801,4
1802,4
1826,4
1829,4
1835,4
1837,4
1840,4
1845,4
1855,4
1865,4
1869,4
1872,4
1876,4
1884,4
1885,4
1891,4
1895,4
1904,4
1917,4
1929,4
1933,4
1965,4
1966,4
1967,4
1972,4
1981,4
1986,4
1994,4
1995,4
2001,4
2005,4
2006,4
2010,4
2011,4
2021,4
2033,4
2050,4
2051,4
2052,4
5124,4
5138,4
2064,4
5048,4
2081,4
2090,4
2095,4
2103,4
2108,4
2111,4
2115,4
2129,4
2132,4
2143,4
2147,4
2159,4
5344,4
5280,4
2172,4
5218,4
2174,4
5366,4
2183,4
2193,4
2198,4
2203,4
2221,4
2234,4
5369,4
2256,4
2260,4
2265,4
2272,4
2277,4
2280,4
2283,4
2289,4
2292,4
2296,4
2298,4
5056,4
2315,4
2317,4
2322,4
2326,4
2333,4
2346,4
2351,4
2354,4
2363,4
2372,4
2374,4
2376,4
2381,4
2382,4
2387,4
2399,4
2401,4
2409,4
2417,4
2422,4
2447,4
2455,4
2456,4
2458,4
2485,4
2486,4
2488,4
2497,4
2506,4
2507,4
2512,4
2515,4
2518,4
2522,4
2523,4
2524,4
2529,4
2557,4
2562,4
2569,4
2578,4
2588,4
2593,4
2596,4
2609,4
2625,4
2631,4
2633,4
2641,4
2647,4
2650,4
2655,4
2670,4
2677,4
2692,4
2693,4
2697,4
2699,4
2700,4
2705,4
2707,4
2708,4
2709,4
2711,4
2718,4
2732,4
2735,4
2750,4
2752,4
2761,4
2772,4
2773,4
2774,4
2794,4
2798,4
2811,4
2824,4
2825,4
2831,4
2843,4
2849,4
2854,4
2855,4
2879,4
2892,4
2905,4
2907,4
2910,4
2912,4
2919,4
2921,4
2930,4
2932,4
2933,4
2936,4
2941,4
2942,4
2943,4
2948,4
2956,4
2958,4
2963,4
2987,4
2998,4
3001,4
3002,4
3006,4
3012,4
3014,4
3022,4
3027,4
3029,4
3030,4
3032,4
3041,4
3042,4
3047,4
3053,4
3067,4
3071,4
3072,4
3080,4
3090,4
3101,4
3108,4
3112,4
3142,4
3144,4
3145,4
3147,4
3161,4
3167,4
3169,4
3179,4
3201,4
3206,4
3210,4
3216,4
3217,4
3232,4
3236,4
3250,4
3256,4
3261,4
3278,4
3280,4
3286,4
3311,4
3321,4
3322,4
3330,4
3337,4
3364,4
3371,4
3372,4
3384,4
3391,4
3398,4
3399,4
3403,4
3413,4
3415,4
3419,4
3424,4
3436,4
3440,4
3447,4
3448,4
3454,4
3493,4
3502,4
3510,4
3511,4
3512,4
3516,4
3522,4
3528,4
3537,4
3538,4
3546,4
3555,4
3559,4
3590,4
3593,4
3608,4
3618,4
3629,4
3635,4
3643,4
3649,4
3652,4
3655,4
3660,4
3661,4
3663,4
3675,4
3677,4
3683,4
3691,4
3713,4
3724,4
3728,4
3733,4
3734,4
3736,4
3749,4
3751,4
3756,4
3765,4
3780,4
3783,4
3789,4
3793,4
3798,4
3800,4
3809,4
3818,4
3834,4
3853,4
3856,4
3860,4
3861,4
3865,4
3870,4
3880,4
3884,4
3895,4
3899,4
3900,4
3901,4
3911,4
3913,4
3914,4
3919,4
3923,4
3935,4
3951,4
3966,4
3968,4
3973,4
3974,4
3984,4
3987,4
3992,4
4000,4
4010,4
4012,4
4021,4
4034,4
4036,4
4037,4
4048,4
4051,4
4056,4
4060,4
4068,4
4072,4
4078,4
4089,4
4093,4
4097,4
4103,4
4105,4
4108,4
4109,4
4110,4
5079,4
5077,4
4121,4
4124,4
4132,4
4136,4
5107,4
5095,4
4145,4
5118,4
4150,4
4166,4
4167,4
5156,4
4177,4
5142,4
5188,4
4195,4
5182,4
4206,4
4207,4
4216,4
5223,4
4238,4
4245,4
5212,4
4247,4
5248,4
5234,4
4261,4
4264,4
4276,4
5251,4
4285,4
5277,4
4295,4
5286,4
4297,4
4306,4
4310,4
4314,4
5307,4
4342,4
4343,4
5351,4
4350,4
4351,4
4356,4
4357,4
5320,4
5036,4
4372,4
4381,4
4385,4
4391,4
4425,4
5358,4
4441,4
4444,4
4447,4
4457,4
4460,4
4471,4
4477,4
4478,4
4487,4
4488,4
4496,4
4510,4
4513,4
4525,4
4527,4
4533,4
4548,4
4576,4
4589,4
4591,4
4608,4
4617,4
5034,4
4621,4
4625,4
4630,4
4642,4
4644,4
4645,4
4651,4
4661,4
4664,4
4698,4
4703,4
4706,4
4711,4
4722,4
4723,4
4730,4
4740,4
4741,4
4742,4
4755,4
4767,4
4768,4
4771,4
4775,4
4801,4
4806,4
4809,4
4822,4
4825,4
4846,4
4850,4
4857,4
4881,4
4891,4
4911,4
4927,4
4938,4
4939,4
4942,4
4951,4
4968,4
4970,4
4971,4
4979,4
5003,4
5013,4
5019,4
5030,4
16,3
22,3
27,3
43,3
45,3
46,3
52,3
56,3
59,3
68,3
75,3
79,3
91,3
105,3
108,3
113,3
115,3
120,3
133,3
134,3
137,3
5076,3
146,3
5178,3
163,3
167,3
169,3
172,3
173,3
179,3
183,3
188,3
193,3
196,3
201,3
205,3
206,3
216,3
221,3
225,3
229,3
231,3
234,3
242,3
247,3
254,3
5063,3
5290,3
5247,3
267,3
270,3
284,3
288,3
291,3
294,3
296,3
303,3
305,3
306,3
308,3
5108,3
332,3
347,3
348,3
350,3
353,3
357,3
360,3
365,3
373,3
374,3
5058,3
386,3
397,3
403,3
406,3
407,3
414,3
421,3
422,3
426,3
432,3
434,3
435,3
439,3
446,3
448,3
451,3
452,3
457,3
458,3
473,3
476,3
482,3
487,3
490,3
492,3
501,3
508,3
5197,3
5187,3
518,3
5215,3
529,3
5304,3
537,3
539,3
543,3
552,3
564,3
569,3
576,3
589,3
591,3
592,3
597,3
601,3
607,3
611,3
633,3
640,3
651,3
654,3
658,3
664,3
678,3
683,3
694,3
698,3
705,3
707,3
710,3
715,3
724,3
725,3
728,3
729,3
735,3
747,3
756,3
762,3
766,3
783,3
797,3
799,3
818,3
823,3
826,3
830,3
836,3
838,3
842,3
850,3
858,3
876,3
879,3
882,3
885,3
886,3
895,3
897,3
903,3
905,3
909,3
910,3
916,3
922,3
930,3
931,3
938,3
940,3
953,3
955,3
963,3
985,3
987,3
1001,3
1003,3
1010,3
1016,3
1018,3
1019,3
1025,3
5175,3
1047,3
5258,3
5244,3
5219,3
1053,3
1056,3
1063,3
1067,3
1069,3
1071,3
1072,3
1073,3
5216,3
5089,3
1079,3
1085,3
1089,3
1092,3
1105,3
1112,3
1127,3
1129,3
1136,3
1143,3
1154,3
1158,3
1160,3
1169,3
1195,3
1235,3
1240,3
1241,3
1242,3
1246,3
1247,3
1255,3
1257,3
1261,3
1268,3
1271,3
5050,3
1295,3
1299,3
1301,3
1314,3
1319,3
1321,3
1324,3
1325,3
1331,3
1347,3
1352,3
1364,3
1375,3
1379,3
1380,3
1381,3
1382,3
1387,3
1402,3
1405,3
1410,3
1411,3
1420,3
1423,3
1425,3
1427,3
1432,3
1436,3
1483,3
1484,3
1494,3
1495,3
1497,3
1534,3
1536,3
1538,3
1539,3
1554,3
1567,3
1572,3
1574,3
1578,3
1585,3
1586,3
1589,3
1607,3
1628,3
1629,3
1630,3
1632,3
1633,3
1637,3
1638,3
1643,3
1644,3
1646,3
1655,3
1668,3
1698,3
1710,3
1730,3
1732,3
1737,3
1744,3
1764,3
1776,3
1787,3
1789,3
1793,3
1803,3
1806,3
1807,3
1811,3
1814,3
1815,3
1816,3
1817,3
1819,3
1820,3
1825,3
1827,3
1828,3
1838,3
1849,3
1880,3
1892,3
1897,3
1905,3
1922,3
1924,3
1927,3
1948,3
1956,3
1963,3
1964,3
1968,3
1974,3
1976,3
1987,3
1988,3
1990,3
1996,3
2002,3
2004,3
2013,3
2016,3
2018,3
2024,3
2031,3
2036,3
2042,3
2047,3
2049,3
2056,3
2059,3
2065,3
5123,3
5096,3
5154,3
5205,3
5203,3
2101,3
2102,3
2104,3
5152,3
5230,3
5226,3
2118,3
5214,3
5221,3
2134,3
2135,3
2136,3
2137,3
5312,3
5300,3
5281,3
2156,3
5331,3
5328,3
5350,3
2184,3
2191,3
2195,3
2206,3
2209,3
2217,3
2222,3
2226,3
2229,3
2232,3
2236,3
2237,3
2241,3
2255,3
2257,3
2267,3
2273,3
2284,3
2291,3
5365,3
2306,3
2308,3
2312,3
2314,3
2329,3
2332,3
2334,3
2335,3
2341,3
2344,3
2347,3
2348,3
2362,3
2366,3
2375,3
2393,3
2394,3
2396,3
2398,3
2403,3
2404,3
2410,3
2423,3
2426,3
2430,3
2432,3
2433,3
2440,3
2442,3
2445,3
2452,3
2496,3
2502,3
2511,3
2527,3
2530,3
2538,3
2544,3
2563,3
2565,3
2571,3
2579,3
2587,3
2601,3
2604,3
2616,3
2622,3
2626,3
2628,3
2630,3
2638,3
2644,3
2648,3
2649,3
2702,3
2710,3
2715,3
2716,3
2722,3
2724,3
2736,3
2746,3
2753,3
2754,3
2755,3
2759,3
2766,3
2767,3
2770,3
2784,3
2788,3
2789,3
2793,3
2805,3
2808,3
2812,3
2813,3
2815,3
2818,3
2829,3
2841,3
2846,3
2871,3
2876,3
2878,3
2881,3
2882,3
2883,3
2897,3
2916,3
2924,3
2931,3
2934,3
2938,3
2944,3
2945,3
2947,3
2950,3
2951,3
2960,3
2976,3
2980,3
2989,3
2999,3
3009,3
3010,3
3026,3
3031,3
3034,3
3048,3
3050,3
3055,3
3058,3
3063,3
3065,3
3075,3
3076,3
3083,3
3089,3
3092,3
3097,3
3102,3
3105,3
3109,3
3124,3
3125,3
3127,3
3132,3
3133,3
3146,3
3149,3
3151,3
3152,3
3162,3
3170,3
3173,3
3175,3
3185,3
3186,3
3195,3
3202,3
3205,3
3222,3
3223,3
3240,3
3242,3
3246,3
3249,3
3254,3
3255,3
3258,3
3262,3
3265,3
3269,3
3281,3
3288,3
3290,3
3296,3
3307,3
3310,3
3314,3
3329,3
3342,3
3349,3
3350,3
3353,3
3357,3
3360,3
3366,3
3369,3
3370,3
3382,3
3387,3
3392,3
3394,3
3401,3
3402,3
3418,3
3430,3
3431,3
3432,3
3443,3
3444,3
3445,3
3449,3
3450,3
3452,3
3455,3
3460,3
3464,3
3467,3
3482,3
3483,3
3490,3
3494,3
3496,3
3497,3
3499,3
3500,3
3501,3
3503,3
3505,3
3508,3
3509,3
3524,3
3525,3
3530,3
3533,3
3552,3
3573,3
3574,3
3576,3
3584,3
3587,3
3601,3
3606,3
3610,3
3615,3
3617,3
3622,3
3623,3
3626,3
3627,3
3630,3
3633,3
3634,3
3642,3
3650,3
3665,3
3667,3
3668,3
3669,3
3671,3
3685,3
3689,3
3697,3
3699,3
3703,3
3715,3
3735,3
3748,3
3753,3
3773,3
3782,3
3787,3
3796,3
3799,3
3801,3
3807,3
3812,3
3827,3
3851,3
3852,3
3858,3
3863,3
3866,3
3867,3
3869,3
3871,3
3872,3
3874,3
3877,3
3892,3
3905,3
3907,3
3918,3
3925,3
3927,3
3928,3
3937,3
3963,3
3970,3
3971,3
3977,3
3978,3
3985,3
3991,3
3999,3
4023,3
4025,3
4027,3
4031,3
4049,3
4055,3
4058,3
4063,3
4073,3
4083,3
4087,3
4112,3
4122,3
5087,3
4130,3
5071,3
5111,3
5110,3
5105,3
5121,3
4147,3
4155,3
4161,3
4162,3
5116,3
5039,3
4170,3
5151,3
5149,3
5165,3
5158,3
5146,3
4182,3
5166,3
5180,3
4194,3
4203,3
4208,3
5190,3
4220,3
5189,3
4224,3
5141,3
4228,3
5213,3
4233,3
4236,3
4244,3
4251,3
5249,3
4254,3
4257,3
4263,3
4266,3
4267,3
4269,3
4271,3
4273,3
4288,3
4289,3
4290,3
4292,3
5282,3
4300,3
5272,3
5303,3
4311,3
4317,3
4320,3
4322,3
5292,3
5330,3
5332,3
5337,3
5347,3
4345,3
5336,3
5353,3
4358,3
4359,3
5334,3
4371,3
4375,3
4377,3
4379,3
4380,3
4383,3
4386,3
4395,3
4396,3
4397,3
4400,3
4401,3
4406,3
4428,3
4432,3
4438,3
4439,3
4445,3
4458,3
4467,3
4469,3
4470,3
4501,3
4505,3
4506,3
4507,3
4511,3
4520,3
4521,3
4532,3
4534,3
4538,3
4544,3
4560,3
4563,3
4566,3
4573,3
4580,3
4582,3
4597,3
4602,3
4619,3
4628,3
4634,3
4639,3
4646,3
4662,3
4670,3
4671,3
4673,3
4692,3
4693,3
4708,3
4710,3
4715,3
4716,3
4725,3
4727,3
4728,3
4733,3
4746,3
4750,3
4760,3
4761,3
4763,3
4764,3
4782,3
4783,3
4795,3
4798,3
4808,3
4810,3
4821,3
4830,3
4859,3
4869,3
4871,3
4875,3
4887,3
4892,3
4901,3
4902,3
4906,3
4907,3
4912,3
4919,3
4930,3
4933,3
4935,3
4940,3
4950,3
4967,3
4969,3
4972,3
4974,3
4977,3
4978,3
4981,3
4983,3
4987,3
4988,3
5022,3
3,2
6,2
5129,2
10,2
19,2
20,2
25,2
26,2
31,2
33,2
36,2
37,2
38,2
40,2
41,2
47,2
51,2
53,2
54,2
55,2
58,2
60,2
61,2
62,2
66,2
5217,2
70,2
5114,2
77,2
80,2
89,2
90,2
5362,2
94,2
95,2
98,2
102,2
106,2
114,2
117,2
118,2
129,2
136,2
140,2
151,2
156,2
158,2
159,2
161,2
164,2
168,2
176,2
177,2
180,2
182,2
185,2
187,2
189,2
191,2
192,2
198,2
217,2
222,2
227,2
232,2
236,2
239,2
241,2
243,2
244,2
245,2
246,2
248,2
249,2
257,2
260,2
5285,2
268,2
274,2
276,2
278,2
279,2
280,2
286,2
290,2
292,2
293,2
299,2
304,2
307,2
309,2
310,2
316,2
320,2
325,2
326,2
329,2
337,2
338,2
341,2
342,2
343,2
345,2
351,2
352,2
354,2
355,2
359,2
361,2
362,2
363,2
367,2
368,2
370,2
377,2
380,2
382,2
393,2
400,2
402,2
408,2
410,2
411,2
412,2
418,2
420,2
423,2
428,2
430,2
441,2
460,2
461,2
463,2
464,2
468,2
469,2
472,2
474,2
475,2
477,2
478,2
479,2
481,2
484,2
495,2
496,2
503,2
515,2
516,2
524,2
5345,2
526,2
527,2
530,2
532,2
533,2
534,2
536,2
542,2
544,2
549,2
550,2
554,2
555,2
557,2
560,2
563,2
570,2
573,2
577,2
580,2
584,2
585,2
586,2
587,2
593,2
595,2
596,2
604,2
610,2
615,2
616,2
617,2
618,2
622,2
623,2
624,2
625,2
626,2
627,2
637,2
5140,2
644,2
645,2
646,2
648,2
656,2
657,2
659,2
660,2
662,2
665,2
667,2
669,2
670,2
672,2
673,2
676,2
680,2
688,2
689,2
692,2
696,2
697,2
701,2
702,2
704,2
706,2
713,2
717,2
718,2
719,2
721,2
722,2
723,2
731,2
736,2
737,2
746,2
752,2
754,2
755,2
758,2
761,2
5119,2
770,2
771,2
773,2
774,2
776,2
777,2
780,2
782,2
785,2
787,2
790,2
791,2
802,2
805,2
812,2
813,2
814,2
816,2
819,2
820,2
825,2
827,2
828,2
833,2
846,2
854,2
860,2
867,2
869,2
870,2
874,2
880,2
881,2
887,2
888,2
892,2
896,2
900,2
904,2
906,2
908,2
911,2
920,2
921,2
923,2
924,2
928,2
932,2
939,2
941,2
942,2
947,2
949,2
956,2
959,2
961,2
962,2
964,2
966,2
968,2
970,2
972,2
975,2
977,2
991,2
1000,2
1002,2
1005,2
1006,2
1008,2
1009,2
1012,2
1013,2
1026,2
1028,2
1029,2
1031,2
5051,2
5157,2
1038,2
5168,2
1040,2
5150,2
5185,2
5170,2
1052,2
1054,2
5301,2
1057,2
5278,2
1060,2
1061,2
1062,2
1068,2
1070,2
1076,2
1078,2
1082,2
1086,2
1087,2
1094,2
1095,2
1098,2
1099,2
1109,2
1110,2
1113,2
1114,2
1115,2
1119,2
1120,2
1123,2
1124,2
1125,2
1128,2
1130,2
1131,2
1137,2
1144,2
1148,2
1149,2
1157,2
1162,2
1164,2
1165,2
1172,2
1173,2
1174,2
1177,2
1180,2
1183,2
1186,2
1190,2
1191,2
1194,2
1196,2
1200,2
1201,2
1207,2
1209,2
1212,2
1213,2
1221,2
1222,2
1224,2
1225,2
1228,2
1231,2
1234,2
1237,2
1243,2
1249,2
1253,2
1254,2
1264,2
1266,2
1272,2
1277,2
1279,2
1282,2
1284,2
1285,2
1286,2
1289,2
1292,2
1294,2
1296,2
1298,2
1300,2
1302,2
1306,2
1310,2
1311,2
1315,2
1318,2
1320,2
1322,2
1326,2
1330,2
1333,2
1338,2
1339,2
1345,2
1346,2
1349,2
1350,2
1351,2
1353,2
1355,2
1356,2
1357,2
1361,2
1362,2
1366,2
1368,2
1369,2
1370,2
1372,2
1373,2
1374,2
1378,2
1384,2
1385,2
1386,2
1392,2
1393,2
1404,2
1408,2
1412,2
1419,2
1422,2
1424,2
1428,2
1430,2
1433,2
1434,2
1438,2
1439,2
1441,2
1443,2
1446,2
1447,2
1449,2
1452,2
1454,2
1459,2
1465,2
1466,2
1468,2
1469,2
1470,2
1472,2
1473,2
1474,2
1479,2
1480,2
1481,2
1485,2
1488,2
1513,2
1514,2
1516,2
1520,2
1521,2
1527,2
1529,2
1530,2
1532,2
1533,2
5099,2
1540,2
1543,2
1544,2
1547,2
1548,2
1550,2
1556,2
1558,2
1560,2
1563,2
1576,2
1579,2
1580,2
1583,2
1584,2
1588,2
1595,2
1596,2
1598,2
1599,2
1600,2
1601,2
1602,2
1604,2
1605,2
1606,2
1609,2
1612,2
1614,2
1616,2
1617,2
1619,2
1620,2
1622,2
1631,2
1641,2
1652,2
1653,2
1654,2
1657,2
1658,2
1661,2
1665,2
1671,2
1681,2
1682,2
1687,2
1695,2
1696,2
1697,2
1703,2
1705,2
1707,2
1709,2
1712,2
1716,2
1720,2
1721,2
1725,2
1726,2
1727,2
1728,2
1739,2
1749,2
1750,2
1751,2
1752,2
1753,2
1755,2
1757,2
1758,2
1765,2
1769,2
1771,2
1781,2
1782,2
1785,2
1786,2
1788,2
1792,2
1797,2
1804,2
1805,2
1808,2
1809,2
1812,2
1813,2
1818,2
1821,2
1822,2
1824,2
1833,2
1834,2
1841,2
1842,2
1843,2
1844,2
1848,2
1850,2
1852,2
1853,2
1862,2
1868,2
1873,2
1875,2
1877,2
1878,2
1881,2
1882,2
1888,2
1889,2
1890,2
1899,2
1901,2
1902,2
1912,2
1915,2
1916,2
1920,2
1923,2
1925,2
1926,2
1931,2
1932,2
1935,2
1936,2
1942,2
1943,2
1944,2
1947,2
1951,2
1961,2
1971,2
1975,2
1984,2
1985,2
1989,2
2007,2
2017,2
2022,2
2025,2
2027,2
2029,2
2030,2
2034,2
2044,2
2046,2
2053,2
2054,2
2055,2
5122,2
2058,2
2060,2
2061,2
2066,2
5132,2
2068,2
2069,2
2070,2
2074,2
2076,2
2078,2
5167,2
2080,2
5196,2
2084,2
5191,2
2086,2
2087,2
2091,2
2092,2
2093,2
2094,2
2097,2
2098,2
5194,2
2100,2
5181,2
2106,2
2107,2
2109,2
2110,2
2113,2
5227,2
5243,2
2122,2
5241,2
5259,2
2128,2
5239,2
5319,2
2138,2
2142,2
2144,2
2145,2
2146,2
2148,2
5326,2
5333,2
2151,2
2152,2
2153,2
2154,2
2155,2
2157,2
2158,2
2161,2
2162,2
2163,2
2165,2
5346,2
2169,2
5325,2
5059,2
2177,2
5361,2
2180,2
2181,2
2189,2
2190,2
2194,2
2197,2
2202,2
2205,2
2208,2
2211,2
2213,2
2214,2
2215,2
2216,2
2218,2
2219,2
2228,2
2235,2
2240,2
2243,2
2246,2
2248,2
2251,2
2252,2
2262,2
2263,2
2264,2
2269,2
2270,2
2275,2
2278,2
2293,2
2299,2
2301,2
2302,2
2303,2
2304,2
2313,2
2319,2
2327,2
2330,2
2331,2
2337,2
2339,2
2340,2
2343,2
2352,2
2358,2
2360,2
2367,2
2370,2
2377,2
2378,2
2379,2
2380,2
2383,2
2386,2
2390,2
2392,2
2395,2
2397,2
2406,2
2408,2
2415,2
2416,2
2424,2
2436,2
2437,2
2439,2
2444,2
2450,2
2451,2
2454,2
2459,2
2462,2
2463,2
2465,2
2470,2
2476,2
2477,2
2478,2
2481,2
2493,2
2503,2
2504,2
2505,2
2508,2
2514,2
2516,2
2519,2
2521,2
2526,2
2528,2
2531,2
2535,2
2539,2
2540,2
2541,2
2551,2
2555,2
2556,2
2558,2
2566,2
5068,2
2568,2
2573,2
2574,2
2576,2
2577,2
2580,2
2581,2
2584,2
2585,2
2586,2
2590,2
2591,2
2594,2
2599,2
2606,2
2613,2
2615,2
2618,2
2624,2
2627,2
2632,2
2634,2
2639,2
2643,2
2645,2
2653,2
2654,2
2657,2
2659,2
2661,2
2662,2
2663,2
2664,2
2666,2
2668,2
2672,2
2683,2
2685,2
2689,2
2690,2
2695,2
2696,2
2698,2
2712,2
2713,2
2717,2
2719,2
2727,2
2728,2
2733,2
2737,2
2740,2
2741,2
2742,2
2744,2
2747,2
2749,2
2756,2
2758,2
2763,2
2765,2
2769,2
2776,2
2779,2
2783,2
2787,2
2800,2
2801,2
2802,2
2803,2
2804,2
2807,2
2810,2
2816,2
2817,2
2819,2
2823,2
2826,2
2827,2
2844,2
2848,2
2852,2
2856,2
2858,2
2859,2
2864,2
2866,2
2867,2
2870,2
2874,2
2875,2
2877,2
2884,2
2885,2
2887,2
2893,2
2906,2
2909,2
2914,2
2915,2
2917,2
2918,2
2920,2
2922,2
2925,2
2926,2
2927,2
2935,2
2939,2
2952,2
2953,2
2957,2
2964,2
2968,2
2975,2
2978,2
2979,2
2984,2
2985,2
2986,2
2988,2
2993,2
2994,2
2997,2
3000,2
3003,2
3016,2
3023,2
3035,2
3036,2
3037,2
3038,2
3039,2
3040,2
3043,2
3045,2
3051,2
3054,2
3059,2
3060,2
3061,2
3066,2
3069,2
3074,2
3084,2
5055,2
3087,2
3088,2
3091,2
3096,2
3098,2
3107,2
3111,2
3113,2
3116,2
3118,2
3120,2
3122,2
3123,2
3130,2
3134,2
3143,2
3153,2
3156,2
3157,2
3159,2
3160,2
3165,2
3172,2
3176,2
3177,2
3181,2
3190,2
3191,2
3196,2
3198,2
3199,2
3200,2
3203,2
3204,2
3207,2
3211,2
3212,2
3219,2
3227,2
3228,2
3229,2
3230,2
3231,2
3243,2
3244,2
3257,2
3260,2
3264,2
3266,2
3267,2
3268,2
3272,2
3273,2
3274,2
3276,2
3279,2
3283,2
3287,2
3294,2
3299,2
3302,2
3308,2
3309,2
3312,2
3315,2
3317,2
3318,2
3320,2
3323,2
3325,2
3326,2
3328,2
3334,2
3335,2
3339,2
3340,2
3344,2
3346,2
3348,2
3351,2
3354,2
3361,2
3373,2
3374,2
3379,2
3380,2
3381,2
3385,2
3386,2
3388,2
3390,2
3395,2
3397,2
3404,2
3406,2
3409,2
3410,2
3421,2
3426,2
3427,2
3428,2
3429,2
3433,2
3434,2
3437,2
3442,2
3446,2
3451,2
3456,2
3457,2
3458,2
3459,2
3461,2
3462,2
3463,2
3470,2
3474,2
3484,2
3488,2
3492,2
3495,2
3504,2
3506,2
3507,2
3514,2
3517,2
3518,2
3519,2
3520,2
3521,2
3527,2
3529,2
3534,2
3535,2
3544,2
3545,2
3547,2
3548,2
3549,2
3550,2
3553,2
3556,2
3558,2
3560,2
3561,2
3562,2
3564,2
3566,2
3568,2
3570,2
3571,2
3579,2
3582,2
3595,2
3600,2
3605,2
3607,2
3609,2
3614,2
3616,2
3619,2
3625,2
3628,2
3636,2
3639,2
3646,2
3648,2
3657,2
3658,2
3666,2
3670,2
3673,2
3678,2
3682,2
3688,2
3690,2
3698,2
3700,2
3709,2
3716,2
3717,2
3723,2
3725,2
3726,2
3730,2
3732,2
3738,2
3739,2
3741,2
3744,2
3745,2
3746,2
3747,2
3764,2
3767,2
3769,2
3771,2
3778,2
3779,2
3786,2
3788,2
3792,2
3794,2
3795,2
3802,2
3806,2
3816,2
3826,2
3833,2
3840,2
3841,2
3842,2
3843,2
3844,2
3845,2
3846,2
3847,2
3855,2
3864,2
3891,2
3893,2
3894,2
3896,2
3903,2
3904,2
3915,2
3916,2
3917,2
3920,2
3924,2
3929,2
3931,2
3933,2
3934,2
3936,2
3944,2
3946,2
3959,2
3960,2
3964,2
3967,2
3972,2
3976,2
3988,2
3989,2
3993,2
3995,2
3996,2
3997,2
4001,2
4002,2
4008,2
4009,2
4013,2
4016,2
4020,2
4022,2
4026,2
4029,2
4030,2
4032,2
4035,2
4038,2
4040,2
4042,2
4044,2
4045,2
4046,2
4052,2
4057,2
4070,2
4076,2
4080,2
4082,2
4086,2
4088,2
4090,2
4091,2
4092,2
4098,2
4099,2
4102,2
4106,2
4107,2
4111,2
5047,2
5075,2
4120,2
5088,2
5092,2
5090,2
5085,2
4134,2
4135,2
5044,2
4138,2
4142,2
4149,2
4151,2
4152,2
4153,2
5130,2
5127,2
4158,2
5126,2
4160,2
5094,2
4165,2
4168,2
4173,2
4178,2
5155,2
4180,2
5174,2
5184,2
4192,2
5186,2
4198,2
4199,2
5173,2
4201,2
4202,2
4204,2
4205,2
4209,2
4210,2
4211,2
4212,2
4213,2
4215,2
4219,2
5198,2
5172,2
4225,2
4227,2
5038,2
4231,2
4234,2
5232,2
4240,2
4241,2
5231,2
5222,2
4248,2
4249,2
4250,2
4253,2
4256,2
4259,2
4260,2
5254,2
4265,2
5262,2
4270,2
4272,2
5267,2
5261,2
4277,2
4278,2
4279,2
5233,2
4282,2
4283,2
4284,2
5208,2
4287,2
4291,2
4294,2
4298,2
4301,2
4303,2
5305,2
4308,2
5293,2
5316,2
4315,2
5310,2
4319,2
4323,2
4325,2
4326,2
5270,2
4329,2
4330,2
4331,2
4333,2
5329,2
5321,2
4337,2
4340,2
4341,2
4344,2
4346,2
5349,2
4352,2
5352,2
5348,2
5269,2
4365,2
5206,2
5359,2
4369,2
4376,2
4378,2
4382,2
4384,2
4387,2
4389,2
4390,2
4392,2
4393,2
4394,2
4403,2
4404,2
4405,2
4412,2
4420,2
4426,2
4436,2
4440,2
4442,2
4449,2
4451,2
4454,2
4455,2
4456,2
4463,2
4464,2
4466,2
4474,2
5357,2
4484,2
4485,2
4489,2
4491,2
4492,2
4493,2
4494,2
4495,2
4499,2
4500,2
4502,2
4503,2
4504,2
4508,2
4512,2
4514,2
4515,2
4518,2
4524,2
4526,2
4528,2
4531,2
4537,2
4539,2
4540,2
4543,2
4546,2
4550,2
4552,2
4556,2
4562,2
4565,2
4567,2
4568,2
4569,2
4572,2
4575,2
4578,2
4579,2
4583,2
4584,2
4587,2
4590,2
4596,2
4604,2
4607,2
4615,2
5356,2
4622,2
4627,2
4629,2
4631,2
4632,2
4635,2
4636,2
4637,2
4638,2
4641,2
4643,2
4647,2
4648,2
4650,2
4652,2
4653,2
4656,2
4659,2
4666,2
4668,2
4675,2
4681,2
4683,2
4685,2
4686,2
4687,2
4689,2
4690,2
4694,2
4695,2
4697,2
4699,2
4701,2
4702,2
4707,2
4709,2
4720,2
4721,2
4726,2
4729,2
4747,2
4749,2
4751,2
4756,2
4759,2
4765,2
4766,2
4770,2
4772,2
4776,2
4777,2
4779,2
4786,2
4791,2
4793,2
4794,2
4797,2
4799,2
4804,2
4805,2
4807,2
4811,2
4815,2
4817,2
4819,2
4829,2
4835,2
4837,2
4840,2
4843,2
4845,2
4854,2
4858,2
4860,2
4861,2
4863,2
4864,2
4865,2
4866,2
4868,2
4872,2
4877,2
4879,2
4880,2
4886,2
4894,2
4899,2
4900,2
4903,2
4905,2
4908,2
4915,2
4920,2
4921,2
4922,2
4924,2
4925,2
4928,2
4929,2
4931,2
4932,2
4937,2
4946,2
4947,2
4954,2
4956,2
4964,2
4965,2
4973,2
4980,2
4984,2
4991,2
4992,2
4994,2
4995,2
4999,2
5000,2
5002,2
5006,2
5008,2
5009,2
5015,2
5033,2
5021,2
5023,2
5024,2
5032,2
5026,2
5028,2
1,1
4,1
5,1
8,1
13,1
14,1
18,1
21,1
23,1
28,1
29,1
30,1
34,1
39,1
44,1
49,1
57,1
63,1
64,1
69,1
72,1
73,1
81,1
83,1
84,1
86,1
88,1
96,1
97,1
99,1
100,1
103,1
112,1
116,1
119,1
122,1
123,1
126,1
127,1
128,1
132,1
135,1
141,1
142,1
145,1
148,1
149,1
150,1
153,1
160,1
162,1
165,1
166,1
170,1
171,1
175,1
178,1
181,1
194,1
195,1
199,1
202,1
204,1
207,1
209,1
210,1
211,1
212,1
213,1
215,1
218,1
223,1
226,1
228,1
230,1
233,1
235,1
237,1
238,1
240,1
250,1
251,1
252,1
253,1
256,1
258,1
266,1
269,1
272,1
273,1
277,1
283,1
285,1
289,1
295,1
297,1
301,1
302,1
311,1
313,1
315,1
321,1
323,1
324,1
327,1
328,1
331,1
333,1
335,1
336,1
339,1
340,1
344,1
349,1
356,1
358,1
364,1
366,1
369,1
371,1
372,1
375,1
376,1
378,1
379,1
381,1
385,1
389,1
390,1
391,1
395,1
396,1
398,1
401,1
404,1
405,1
409,1
413,1
415,1
416,1
417,1
424,1
425,1
427,1
429,1
433,1
437,1
438,1
442,1
444,1
445,1
447,1
449,1
450,1
454,1
455,1
456,1
459,1
462,1
465,1
466,1
467,1
470,1
471,1
480,1
485,1
486,1
488,1
489,1
493,1
497,1
498,1
500,1
502,1
504,1
505,1
506,1
507,1
509,1
511,1
512,1
540,1
541,1
546,1
547,1
548,1
556,1
558,1
559,1
561,1
562,1
565,1
566,1
572,1
574,1
579,1
581,1
582,1
583,1
588,1
590,1
594,1
598,1
599,1
602,1
603,1
605,1
606,1
609,1
613,1
614,1
619,1
630,1
631,1
632,1
634,1
636,1
639,1
643,1
647,1
650,1
653,1
655,1
661,1
663,1
666,1
671,1
675,1
677,1
681,1
682,1
684,1
685,1
686,1
687,1
690,1
691,1
695,1
699,1
703,1
708,1
709,1
712,1
716,1
726,1
727,1
730,1
732,1
734,1
738,1
739,1
741,1
742,1
743,1
744,1
748,1
749,1
750,1
759,1
760,1
763,1
764,1
767,1
769,1
772,1
784,1
786,1
788,1
789,1
793,1
794,1
795,1
796,1
803,1
804,1
806,1
807,1
808,1
809,1
810,1
811,1
815,1
821,1
832,1
837,1
839,1
840,1
841,1
843,1
844,1
847,1
848,1
851,1
852,1
853,1
856,1
857,1
861,1
862,1
863,1
865,1
866,1
868,1
871,1
872,1
873,1
875,1
877,1
878,1
884,1
889,1
890,1
891,1
893,1
894,1
898,1
899,1
901,1
902,1
907,1
912,1
913,1
914,1
917,1
918,1
919,1
925,1
929,1
933,1
934,1
936,1
937,1
943,1
944,1
950,1
951,1
954,1
958,1
960,1
967,1
969,1
973,1
974,1
976,1
979,1
981,1
983,1
984,1
986,1
988,1
989,1
990,1
992,1
993,1
995,1
997,1
998,1
999,1
1007,1
1011,1
1015,1
1017,1
1022,1
1023,1
1024,1
1081,1
1083,1
1084,1
1091,1
1101,1
1102,1
1103,1
1106,1
1107,1
1108,1
1111,1
1117,1
1118,1
1121,1
1126,1
1134,1
1135,1
1138,1
1141,1
1142,1
1146,1
1147,1
1152,1
1155,1
1156,1
1159,1
1161,1
1163,1
1166,1
1167,1
1168,1
1170,1
1171,1
1178,1
1179,1
1181,1
1184,1
1185,1
1187,1
1188,1
1189,1
1192,1
1197,1
1198,1
1199,1
1202,1
1203,1
1205,1
1208,1
1210,1
1211,1
1215,1
1216,1
1217,1
1220,1
1223,1
1227,1
1229,1
1236,1
1239,1
1245,1
1248,1
1251,1
1252,1
1256,1
1258,1
1259,1
1260,1
1262,1
1263,1
1267,1
1269,1
1270,1
1273,1
1275,1
1280,1
1281,1
1287,1
1288,1
1293,1
1304,1
1305,1
1307,1
1308,1
1309,1
1312,1
1313,1
1316,1
1317,1
1327,1
1328,1
1329,1
1332,1
1334,1
1335,1
1336,1
1337,1
1342,1
1343,1
1344,1
1348,1
1354,1
1358,1
1359,1
1360,1
1365,1
1371,1
1376,1
1383,1
1388,1
1389,1
1390,1
1394,1
1395,1
1396,1
1397,1
1400,1
1401,1
1403,1
1406,1
1407,1
1409,1
1414,1
1415,1
1418,1
1421,1
1426,1
1431,1
1437,1
1440,1
1444,1
1448,1
1455,1
1456,1
1460,1
1462,1
1463,1
1464,1
1467,1
1476,1
1477,1
1482,1
1486,1
1487,1
1489,1
1491,1
1493,1
1496,1
1498,1
1499,1
1502,1
1503,1
1506,1
1507,1
1508,1
1510,1
1511,1
1512,1
1515,1
1517,1
1518,1
1519,1
1523,1
1524,1
1525,1
1526,1
1531,1
1541,1
1545,1
1546,1
1549,1
1551,1
1552,1
1553,1
1555,1
1557,1
1559,1
1561,1
1562,1
1566,1
1570,1
1571,1
1573,1
1575,1
1577,1
1587,1
1592,1
1594,1
1597,1
1603,1
1608,1
1610,1
1615,1
1621,1
1623,1
1624,1
1625,1
1626,1
1627,1
1634,1
1635,1
1636,1
1640,1
1645,1
1647,1
1649,1
1651,1
1660,1
1662,1
1664,1
1666,1
1667,1
1669,1
1672,1
1673,1
1674,1
1676,1
1677,1
1678,1
1679,1
1683,1
1688,1
1689,1
1690,1
1691,1
1692,1
1693,1
1694,1
1699,1
1700,1
1701,1
1702,1
1706,1
1708,1
1711,1
1713,1
1714,1
1717,1
1719,1
1722,1
1723,1
1724,1
1729,1
1731,1
1733,1
1735,1
1736,1
1740,1
1741,1
1742,1
1743,1
1746,1
1747,1
1748,1
1756,1
1760,1
1761,1
1762,1
1763,1
1766,1
1768,1
1770,1
1772,1
1774,1
1775,1
1777,1
1778,1
1779,1
1780,1
1783,1
1790,1
1794,1
1798,1
1799,1
1800,1
1810,1
1823,1
1830,1
1831,1
1832,1
1836,1
1839,1
1846,1
1847,1
1854,1
1856,1
1857,1
1858,1
1859,1
1860,1
1861,1
1863,1
1864,1
1867,1
1870,1
1871,1
1874,1
1879,1
1883,1
1886,1
1893,1
1894,1
1896,1
1898,1
1900,1
1903,1
1906,1
1907,1
1908,1
1909,1
1910,1
1911,1
1913,1
1914,1
1918,1
1919,1
1921,1
1928,1
1930,1
1934,1
1937,1
1938,1
1939,1
1940,1
1941,1
1945,1
1949,1
1950,1
1952,1
1953,1
1954,1
1955,1
1958,1
1959,1
1960,1
1962,1
1969,1
1970,1
1973,1
1977,1
1978,1
1979,1
1980,1
1982,1
1983,1
1991,1
1992,1
1993,1
1997,1
1998,1
2003,1
2008,1
2009,1
2012,1
2014,1
2015,1
2019,1
2020,1
2023,1
2026,1
2028,1
2032,1
2035,1
2037,1
2038,1
2039,1
2040,1
2041,1
2043,1
2045,1
2048,1
2176,1
2185,1
2186,1
2192,1
2196,1
5370,1
2200,1
2201,1
2204,1
2207,1
2210,1
2212,1
2220,1
2224,1
2225,1
2227,1
2230,1
2231,1
2233,1
2238,1
2244,1
2245,1
2247,1
2249,1
2250,1
2253,1
2259,1
2261,1
2266,1
2268,1
2271,1
2274,1
2276,1
2279,1
2281,1
2282,1
2285,1
2286,1
2287,1
2288,1
2290,1
2294,1
2295,1
2297,1
2307,1
2310,1
2311,1
2316,1
2318,1
2320,1
2321,1
2323,1
2324,1
2325,1
2328,1
2336,1
2338,1
2342,1
2345,1
2349,1
2350,1
2353,1
2355,1
2356,1
2359,1
2361,1
2365,1
2368,1
2371,1
2373,1
2384,1
2385,1
2388,1
2389,1
2391,1
2400,1
2402,1
2405,1
2407,1
2411,1
2412,1
2413,1
2414,1
2418,1
2419,1
2420,1
2421,1
2425,1
2427,1
2428,1
2429,1
2434,1
2435,1
2438,1
2441,1
2443,1
2446,1
2448,1
2449,1
2453,1
2457,1
2460,1
2461,1
2464,1
2466,1
2467,1
2468,1
2469,1
2472,1
2473,1
2474,1
2475,1
2480,1
2482,1
2483,1
2484,1
2489,1
2490,1
2492,1
2494,1
2495,1
2498,1
2499,1
2500,1
2501,1
2509,1
2510,1
2513,1
2517,1
2520,1
2525,1
2532,1
2533,1
2534,1
2536,1
2537,1
2542,1
2543,1
2545,1
2546,1
2549,1
2550,1
2552,1
2553,1
2554,1
2559,1
2560,1
2561,1
2564,1
2570,1
2572,1
2575,1
2582,1
2583,1
2589,1
2592,1
2597,1
2598,1
2600,1
2603,1
2605,1
2607,1
2608,1
2610,1
2611,1
2617,1
2619,1
2620,1
2621,1
2623,1
2629,1
2635,1
2636,1
2637,1
2640,1
2642,1
2646,1
2651,1
2652,1
2656,1
2658,1
2660,1
2665,1
2667,1
2669,1
2671,1
2673,1
2674,1
2676,1
2678,1
2679,1
2680,1
2681,1
2682,1
2684,1
2686,1
2687,1
2688,1
2691,1
2694,1
2701,1
2703,1
2704,1
2706,1
2714,1
2720,1
2721,1
2723,1
2726,1
2729,1
2730,1
2731,1
2734,1
2738,1
2739,1
2743,1
2745,1
2748,1
2751,1
2757,1
2760,1
2762,1
2764,1
2768,1
2771,1
2775,1
2777,1
2778,1
2780,1
2782,1
2785,1
2790,1
2791,1
2792,1
2795,1
2796,1
2797,1
2799,1
2806,1
2809,1
2814,1
2820,1
2821,1
2822,1
2828,1
2830,1
2832,1
2833,1
2834,1
2835,1
2836,1
2837,1
2838,1
2839,1
2840,1
2842,1
2845,1
2850,1
2853,1
2857,1
2860,1
2861,1
2862,1
2863,1
2865,1
2868,1
2869,1
2872,1
2873,1
2880,1
2886,1
2888,1
2890,1
2891,1
2894,1
2896,1
2898,1
2899,1
2900,1
2901,1
2903,1
2904,1
2908,1
2911,1
2913,1
2923,1
2928,1
2929,1
2937,1
2940,1
2946,1
2949,1
2954,1
2955,1
2959,1
2962,1
2965,1
2966,1
2969,1
2970,1
2971,1
2972,1
2973,1
2974,1
2977,1
2981,1
2982,1
2983,1
2990,1
2991,1
2992,1
2995,1
2996,1
3004,1
3005,1
3007,1
3008,1
3011,1
3013,1
3015,1
3017,1
3019,1
3020,1
3021,1
3024,1
3025,1
3028,1
3033,1
3044,1
3046,1
3049,1
3052,1
3056,1
3057,1
3062,1
3064,1
3068,1
3070,1
3073,1
3077,1
3078,1
3079,1
3081,1
3086,1
3093,1
3094,1
3099,1
3100,1
3103,1
3104,1
3106,1
3110,1
3114,1
3115,1
3117,1
3119,1
3121,1
3126,1
3128,1
3129,1
3131,1
3135,1
3137,1
3139,1
3140,1
3148,1
3150,1
3154,1
3155,1
3158,1
3163,1
3164,1
3166,1
3168,1
3171,1
3174,1
3178,1
3180,1
3182,1
3183,1
3184,1
3188,1
3192,1
3193,1
3194,1
3197,1
3208,1
3209,1
3213,1
3214,1
3215,1
3218,1
3220,1
3221,1
3224,1
3225,1
3233,1
3235,1
3237,1
3238,1
3239,1
3241,1
3245,1
3247,1
3248,1
3251,1
3252,1
3253,1
3259,1
3263,1
3270,1
3271,1
3277,1
3282,1
3284,1
3285,1
3291,1
3293,1
3295,1
3297,1
3298,1
3300,1
3301,1
3303,1
3305,1
3306,1
3313,1
3316,1
3319,1
3324,1
3327,1
3331,1
3332,1
3333,1
3336,1
3338,1
3341,1
3343,1
3345,1
3347,1
3356,1
3358,1
3359,1
3362,1
3365,1
3367,1
3368,1
3375,1
3376,1
3377,1
3378,1
3383,1
3389,1
3393,1
3396,1
3400,1
3405,1
3407,1
3408,1
3411,1
3414,1
3416,1
3420,1
3422,1
3425,1
3435,1
3438,1
3439,1
3441,1
3453,1
3465,1
3466,1
3468,1
3469,1
3471,1
3472,1
3475,1
3477,1
3478,1
3479,1
3481,1
3485,1
3486,1
3487,1
3489,1
3491,1
3498,1
3513,1
3515,1
3523,1
3526,1
3531,1
3532,1
3536,1
3540,1
3541,1
3542,1
3543,1
3551,1
3554,1
3557,1
3563,1
3565,1
3567,1
3569,1
3572,1
3575,1
3577,1
3578,1
3580,1
3581,1
3585,1
3586,1
3588,1
3591,1
3592,1
3594,1
3596,1
3597,1
3598,1
3599,1
3602,1
3603,1
3604,1
3611,1
3612,1
3613,1
3620,1
3621,1
3624,1
3631,1
3632,1
3637,1
3638,1
3640,1
3641,1
3644,1
3645,1
3647,1
3651,1
3653,1
3656,1
3662,1
3664,1
3672,1
3674,1
3676,1
3679,1
3680,1
3681,1
3684,1
3686,1
3687,1
3693,1
3694,1
3695,1
3696,1
3701,1
3704,1
3706,1
3707,1
3708,1
3711,1
3712,1
3714,1
3718,1
3719,1
3720,1
3721,1
3722,1
3727,1
3731,1
3737,1
3740,1
3742,1
3743,1
3750,1
3752,1
3754,1
3755,1
3757,1
3758,1
3759,1
3760,1
3761,1
3762,1
3763,1
3766,1
3768,1
3770,1
3772,1
3775,1
3777,1
3781,1
3784,1
3785,1
3790,1
3791,1
3797,1
3803,1
3804,1
3805,1
3808,1
3810,1
3811,1
3813,1
3814,1
3815,1
3817,1
3819,1
3820,1
3822,1
3823,1
3824,1
3825,1
3829,1
3830,1
3831,1
3832,1
3835,1
3836,1
3837,1
3838,1
3839,1
3848,1
3849,1
3850,1
3854,1
3857,1
3859,1
3862,1
3868,1
3873,1
3875,1
3876,1
3878,1
3879,1
3881,1
3882,1
3883,1
3885,1
3888,1
3889,1
3890,1
3897,1
3898,1
3902,1
3908,1
3909,1
3910,1
3912,1
3921,1
3922,1
3926,1
3930,1
3932,1
3938,1
3939,1
3941,1
3942,1
3943,1
3947,1
3948,1
3949,1
3950,1
3952,1
3953,1
3954,1
3955,1
3956,1
3957,1
3958,1
3961,1
3962,1
3965,1
3969,1
3975,1
3979,1
3980,1
3981,1
3982,1
3983,1
3986,1
3990,1
3994,1
3998,1
4003,1
4004,1
4006,1
4007,1
4011,1
4017,1
4018,1
4019,1
4024,1
4028,1
4033,1
4039,1
4041,1
4043,1
4047,1
4050,1
4053,1
4054,1
4059,1
4061,1
4062,1
4065,1
4066,1
4067,1
4069,1
4071,1
4074,1
4075,1
4079,1
4081,1
4084,1
4085,1
4094,1
4095,1
4096,1
4100,1
4101,1
4104,1
4113,1
4114,1
4115,1
4370,1
4373,1
4374,1
4388,1
4398,1
4399,1
4402,1
4407,1
4408,1
4409,1
4411,1
4413,1
4414,1
4415,1
4417,1
4418,1
4419,1
4421,1
4424,1
4427,1
4430,1
4431,1
4433,1
4434,1
4435,1
4437,1
4443,1
4446,1
4448,1
4450,1
4452,1
4453,1
4459,1
4461,1
4462,1
4465,1
4468,1
4472,1
4473,1
4475,1
4476,1
4480,1
4483,1
4486,1
4490,1
4497,1
4498,1
4509,1
4516,1
4517,1
4519,1
4522,1
4523,1
4529,1
4530,1
4535,1
4536,1
4541,1
4542,1
4545,1
4547,1
4549,1
4551,1
4553,1
4554,1
4557,1
4559,1
4561,1
4564,1
4570,1
4571,1
4574,1
4577,1
4581,1
4585,1
4586,1
4588,1
4592,1
4593,1
4594,1
4595,1
4598,1
4599,1
4600,1
4601,1
4605,1
4606,1
4609,1
4610,1
4612,1
4613,1
4614,1
4620,1
4624,1
4626,1
4633,1
4640,1
4649,1
4654,1
4655,1
4657,1
4658,1
4660,1
4663,1
4672,1
4674,1
4676,1
4677,1
4678,1
4679,1
4680,1
4682,1
4684,1
4688,1
4691,1
4696,1
4700,1
4704,1
4705,1
4712,1
4713,1
4714,1
4717,1
4718,1
4719,1
4724,1
4731,1
4734,1
4736,1
4737,1
4738,1
4739,1
4743,1
4744,1
4745,1
4748,1
4752,1
4753,1
4754,1
4757,1
4758,1
4762,1
4769,1
4773,1
4774,1
4778,1
4780,1
4781,1
4784,1
4785,1
4787,1
4788,1
4790,1
4792,1
4796,1
4800,1
4802,1
4803,1
4812,1
4813,1
4814,1
4816,1
4818,1
4820,1
4823,1
4824,1
4826,1
4827,1
4828,1
4831,1
4832,1
4833,1
4834,1
4839,1
4842,1
4844,1
4847,1
4848,1
4849,1
4851,1
4852,1
4853,1
4856,1
4862,1
4867,1
4870,1
4873,1
4874,1
4876,1
4878,1
4882,1
4883,1
4884,1
4885,1
4888,1
4889,1
4890,1
4895,1
4896,1
4897,1
4898,1
4904,1
4909,1
4910,1
4913,1
4916,1
4917,1
4918,1
4923,1
4926,1
4934,1
4936,1
4941,1
4943,1
4944,1
4945,1
4948,1
4949,1
4952,1
4953,1
4957,1
4958,1
4959,1
4960,1
4961,1
4962,1
4963,1
4966,1
4975,1
4976,1
4982,1
4985,1
4986,1
4989,1
4990,1
4993,1
4996,1
4997,1
4998,1
5001,1
5004,1
5005,1
5007,1
5010,1
5012,1
5014,1
5016,1
