order_id,avg_spend_per_order
1,17.95
2,12.89
3,12.45
4,12.95
5,12.95
6,10.98
7,9.00
8,9.00
9,14.69
10,11.25
11,11.46
12,12.84
13,15.50
14,9.00
15,12.63
16,12.30
17,15.42
18,11.95
19,15.95
20,15.50
21,17.95
22,13.15
23,7.00
24,11.96
25,10.48
26,15.73
27,15.13
28,9.00
29,14.50
30,7.00
31,10.25
32,15.48
33,13.73
34,9.00
35,10.36
36,13.73
37,14.23
38,17.95
39,12.95
40,12.48
41,16.23
42,15.36
43,12.30
44,19.95
45,14.30
46,10.67
47,11.98
48,10.99
49,13.95
51,13.95
52,13.48
53,11.98
54,9.48
55,10.98
56,12.33
57,14.50
58,9.75
59,12.63
60,14.23
61,12.95
62,10.98
63,14.95
64,16.50
65,11.23
66,16.23
67,7.00
68,13.47
69,12.95
70,14.23
71,7.00
72,17.95
73,7.00
74,14.74
75,13.47
76,14.85
77,15.45
78,13.48
79,13.30
80,6.00
81,7.00
82,13.60
83,7.00
84,5.00
85,12.74
86,17.95
87,12.86
88,14.50
89,8.75
90,10.48
91,9.48
92,12.52
93,13.95
94,12.48
95,13.45
96,11.95
97,16.50
98,13.23
99,12.95
100,17.95
101,9.11
102,12.45
103,9.00
104,14.21
105,11.63
106,11.25
107,12.71
108,13.82
109,11.96
110,11.49
111,13.35
112,5.00
113,12.15
114,9.48
115,11.82
116,14.50
117,14.45
118,14.95
119,17.95
120,16.80
121,12.96
122,12.95
123,17.95
124,10.73
126,16.95
127,5.00
128,7.00
129,12.75
130,14.60
131,12.13
132,5.00
133,13.30
134,10.83
135,16.95
136,14.73
137,9.17
138,15.95
139,14.50
140,14.45
141,14.50
142,14.50
143,12.85
144,12.19
145,9.00
146,16.62
148,15.50
149,17.95
150,5.00
151,8.00
152,12.98
153,15.50
154,11.95
155,10.60
156,9.48
157,15.59
158,12.48
159,12.48
160,14.50
161,12.48
162,16.50
163,10.65
164,9.48
165,11.95
166,11.95
167,10.30
168,16.73
169,16.62
170,17.95
171,11.95
172,9.32
173,15.13
174,15.59
175,12.95
176,14.45
177,9.48
178,14.95
179,16.28
180,13.23
181,15.50
182,13.45
183,17.28
184,17.95
185,16.95
186,12.36
187,17.23
188,11.48
189,11.75
190,14.45
191,11.48
192,10.48
193,13.15
194,12.95
195,12.95
196,12.63
197,16.09
198,12.75
199,9.00
201,12.47
202,13.95
203,13.96
204,7.00
205,11.63
206,7.98
207,7.00
208,9.78
209,13.95
210,17.95
211,5.00
212,17.95
213,17.95
214,16.59
215,14.50
216,15.13
217,16.23
218,7.00
219,15.09
220,13.71
221,11.82
222,15.95
223,14.95
224,10.23
225,10.97
226,14.50
227,10.98
228,17.95
229,16.62
230,7.00
231,12.62
232,10.98
233,17.95
234,11.30
235,13.95
236,14.50
237,14.50
238,19.95
239,9.98
240,17.95
241,11.48
242,12.63
243,11.75
244,9.98
245,11.73
246,7.00
247,13.63
248,12.48
249,13.45
250,17.95
251,15.50
252,11.95
253,11.95
254,13.13
255,16.23
256,14.95
257,11.48
258,14.50
259,5.00
260,11.75
261,11.95
262,13.95
263,19.95
264,15.50
265,11.36
266,14.95
267,15.13
268,8.98
269,9.00
270,11.32
271,11.79
272,12.95
273,10.50
274,12.48
275,11.99
276,10.75
277,17.95
278,12.48
279,11.48
280,14.45
281,13.95
282,15.98
283,11.95
284,15.95
285,11.95
286,13.95
287,11.71
288,10.97
289,14.50
290,15.73
291,13.30
292,18.95
293,16.23
294,10.97
295,13.95
296,13.15
297,7.00
298,12.85
299,16.23
300,15.35
301,11.95
302,14.95
303,13.15
304,16.73
305,8.65
306,15.47
307,10.75
308,13.30
309,14.73
310,12.48
311,13.95
312,12.85
313,14.50
314,15.57
315,14.50
316,15.45
317,15.60
318,12.74
319,12.95
320,12.23
321,12.95
322,11.49
323,14.50
324,14.50
325,15.73
326,11.48
327,14.50
328,15.50
329,8.00
330,13.55
331,11.95
332,9.32
333,9.00
334,8.24
335,15.50
336,11.95
337,11.48
338,11.25
339,7.00
340,14.95
341,8.98
342,10.48
343,16.23
344,17.95
345,16.45
346,15.59
347,13.97
348,9.50
349,5.00
350,8.83
351,17.23
352,17.23
353,12.95
354,15.73
355,10.98
356,9.00
357,12.97
358,12.95
359,10.75
360,15.13
361,17.23
362,14.23
363,15.50
364,12.95
365,12.82
366,17.95
367,17.95
368,13.48
369,17.95
370,17.95
371,5.00
372,17.95
373,12.98
374,13.48
375,15.50
376,16.95
377,12.48
378,17.95
379,7.00
380,13.95
381,7.00
382,11.98
383,7.00
384,15.10
385,16.95
386,11.82
387,12.06
388,13.60
389,19.95
390,14.95
391,9.00
392,11.60
393,16.23
394,12.73
395,11.95
396,17.95
397,12.48
398,5.00
399,13.46
400,6.00
401,16.95
402,15.45
403,13.13
404,10.50
405,13.95
406,13.82
407,11.15
408,13.45
409,5.00
410,16.00
411,9.98
412,10.48
413,9.00
414,13.98
415,13.95
416,17.95
417,5.00
418,12.23
419,16.45
420,14.73
421,12.47
422,16.28
423,13.45
424,5.00
425,10.50
426,12.98
427,17.95
428,15.95
429,7.00
430,14.23
431,15.35
432,13.97
433,7.00
434,11.97
435,12.82
436,14.34
437,12.95
438,16.95
439,7.67
440,13.73
441,7.00
442,14.95
443,12.12
444,17.95
445,17.95
446,16.13
447,14.50
448,15.62
449,7.00
450,16.50
451,13.15
452,14.47
453,13.21
454,7.00
455,12.95
456,17.95
457,12.48
458,9.98
459,7.00
460,13.73
461,15.95
462,17.95
463,12.45
464,13.45
465,11.95
466,17.95
467,11.95
468,11.48
469,13.45
470,16.95
471,17.95
472,17.95
473,12.30
474,9.75
475,11.75
476,11.30
477,15.00
478,11.48
479,16.23
480,5.00
481,11.48
482,11.48
483,11.71
484,16.73
485,13.95
486,9.00
487,16.62
488,16.95
489,14.95
490,14.32
491,10.96
492,14.13
493,12.95
494,13.74
495,13.45
496,14.23
497,16.95
498,12.95
499,15.59
500,15.50
501,12.97
502,17.95
503,9.48
504,9.00
505,5.00
506,17.95
507,10.50
508,10.97
509,7.00
510,12.24
511,14.50
512,17.95
513,11.98
514,14.50
515,13.00
516,14.45
517,15.50
518,14.13
519,11.95
520,19.95
521,7.00
522,14.43
523,11.95
524,10.48
525,5.00
526,14.23
527,12.48
528,17.95
529,15.28
530,13.73
531,14.95
532,12.73
533,10.75
534,9.48
535,14.50
536,13.45
537,15.13
538,9.00
539,16.80
540,9.00
541,16.50
542,12.45
543,13.50
544,12.95
545,8.86
546,14.50
547,16.50
548,17.95
549,11.75
550,13.48
551,11.11
552,12.15
553,15.50
554,11.75
555,15.45
556,17.95
557,10.48
558,17.95
559,14.50
560,10.75
561,9.00
562,9.00
563,16.23
564,9.83
565,17.95
566,9.00
567,11.18
568,15.50
569,12.15
570,10.75
571,16.50
572,7.00
573,14.50
574,17.95
575,12.35
576,14.48
577,17.45
578,11.71
579,14.50
580,12.48
581,15.50
582,15.50
583,12.95
584,12.23
585,13.73
586,12.48
587,14.95
588,13.95
589,15.13
590,14.50
591,14.97
592,13.30
593,10.48
594,13.95
595,13.23
596,12.73
597,10.97
598,11.95
599,14.95
600,15.86
601,15.80
602,14.95
603,15.50
604,9.75
605,5.00
606,5.00
607,11.63
608,9.24
609,17.95
610,10.75
611,12.33
612,13.86
613,11.95
614,14.95
615,14.45
616,14.45
617,8.75
618,15.95
619,17.95
620,12.71
621,13.60
622,9.98
623,15.95
624,15.45
625,13.48
626,16.23
627,9.00
628,14.60
629,15.84
630,13.95
631,5.00
632,14.50
633,11.82
634,5.00
635,13.62
636,14.50
637,12.98
638,15.50
639,14.95
640,12.13
641,12.48
642,12.84
643,17.95
644,13.95
645,14.73
646,12.48
647,17.95
648,11.48
649,11.96
650,5.00
651,10.63
652,11.99
653,7.00
654,16.47
655,12.95
656,11.98
657,13.73
658,14.62
659,13.45
660,12.95
661,11.95
662,12.45
663,17.95
664,10.63
665,14.23
666,17.95
667,10.75
668,12.60
669,16.73
670,14.23
671,10.50
672,10.75
673,8.75
674,13.98
675,11.95
676,16.23
677,14.95
678,11.48
679,14.59
680,12.23
681,14.95
682,12.95
683,14.47
684,17.95
685,10.50
686,16.50
687,17.95
688,8.00
689,7.00
690,5.00
691,12.95
692,15.95
693,15.48
694,12.63
695,7.00
696,9.48
697,17.23
698,12.82
699,5.00
700,13.86
701,14.95
702,13.45
703,14.95
704,14.73
705,11.48
706,12.95
707,11.63
708,17.95
709,12.95
710,11.32
711,13.35
712,17.95
713,15.00
714,17.09
715,12.63
716,16.50
717,9.98
718,10.48
719,14.23
720,13.84
721,10.75
722,15.95
723,8.98
724,12.67
725,13.00
726,13.95
727,13.95
728,7.67
729,15.47
730,12.95
731,15.45
732,17.95
733,10.98
734,5.00
735,13.47
736,15.73
737,9.98
738,7.00
739,16.50
740,14.96
741,11.95
742,12.95
743,11.95
744,14.95
745,13.69
746,11.98
747,12.15
748,14.50
749,5.00
750,14.95
751,15.20
752,14.23
753,14.34
754,10.98
755,15.45
756,15.80
757,10.23
758,14.95
759,13.95
760,13.95
761,12.23
762,11.82
763,14.50
764,12.95
765,15.20
766,13.48
767,14.50
768,11.95
769,17.95
770,14.45
771,13.95
772,17.95
773,14.73
774,14.23
775,13.59
776,12.48
777,10.98
778,12.46
779,14.59
780,17.23
781,12.23
782,10.48
783,13.97
784,11.95
785,12.48
786,14.50
787,10.48
788,13.95
789,17.95
790,11.75
791,6.00
792,15.61
793,11.95
794,11.95
795,14.50
796,15.50
797,14.62
798,14.36
799,11.63
800,12.63
801,12.06
802,13.48
803,12.95
804,11.95
805,17.23
806,12.95
807,16.50
808,14.95
809,17.95
810,17.95
811,16.95
812,14.45
813,10.48
814,15.73
815,11.95
816,11.98
817,8.38
818,14.28
819,13.45
820,8.00
821,14.50
823,11.97
824,13.84
825,14.23
826,9.48
827,10.48
828,12.73
829,10.73
830,11.97
831,12.36
832,17.95
833,14.23
834,11.35
835,9.48
836,16.80
837,12.95
838,12.97
839,15.50
840,12.95
841,14.95
842,15.63
843,9.00
844,16.95
845,12.24
846,14.23
847,5.00
848,16.50
849,10.61
850,10.65
851,12.95
852,7.00
853,5.00
854,7.75
855,14.47
856,7.00
857,11.95
858,12.97
859,12.11
860,10.48
861,11.95
862,7.00
863,7.00
864,14.42
865,14.50
866,14.95
867,17.95
868,10.50
869,8.00
870,16.23
871,9.00
872,11.95
873,5.00
874,10.98
875,13.95
876,10.65
877,17.95
878,13.95
879,10.98
880,5.00
881,13.45
882,12.30
883,14.59
884,17.95
885,12.15
886,12.15
887,6.00
888,12.23
889,12.95
890,17.95
891,19.95
892,16.73
893,17.95
894,11.95
895,11.97
896,14.23
897,17.13
898,14.50
899,7.00
900,5.00
901,16.50
902,14.95
903,13.32
904,13.95
905,15.95
906,8.75
907,13.95
908,6.00
909,12.63
910,15.62
911,15.45
912,14.95
913,9.00
914,16.95
915,10.36
916,11.15
917,7.00
918,17.95
919,11.95
920,13.73
921,13.48
922,8.65
923,16.73
924,6.00
925,16.95
926,12.60
927,15.19
928,10.48
929,14.50
930,14.95
931,14.13
932,10.48
933,14.50
934,7.00
935,12.61
936,13.95
937,7.00
938,15.28
939,17.45
940,13.95
941,16.23
942,9.98
943,13.95
944,14.50
945,15.84
946,11.98
947,9.48
948,10.98
949,16.23
950,13.95
951,17.95
952,15.84
953,13.30
954,7.00
955,13.47
956,9.48
957,17.59
958,5.00
959,16.95
960,7.00
961,15.45
962,15.73
963,12.80
964,17.23
965,11.61
966,15.95
967,15.50
968,17.95
969,15.50
970,10.75
971,12.60
972,5.00
973,15.50
974,14.50
975,15.00
976,5.00
977,10.98
978,13.42
979,19.95
980,10.48
981,12.95
982,11.98
983,16.50
984,17.95
985,15.47
986,16.95
987,12.95
988,17.95
989,17.95
990,5.00
991,13.50
992,12.95
993,12.95
994,11.48
995,13.95
996,16.95
997,15.50
998,17.95
999,7.00
1000,13.73
1001,9.50
1002,11.73
1003,10.97
1005,13.45
1006,11.98
1007,16.95
1008,11.75
1009,14.50
1010,14.48
1011,14.95
1012,13.23
1013,9.75
1014,8.61
1015,7.00
1016,15.28
1017,13.95
1018,13.95
1019,16.13
1020,9.48
1021,11.85
1022,7.00
1023,17.95
1024,12.95
1025,12.30
1026,14.23
1027,17.95
1028,12.95
1029,11.48
1030,10.23
1031,16.23
1032,12.95
1033,13.95
1034,12.47
1035,14.23
1036,12.49
1037,13.61
1038,11.48
1039,14.50
1040,10.98
1041,13.95
1042,14.95
1043,11.97
1045,13.95
1046,14.50
1047,11.97
1048,16.95
1049,12.95
1050,17.95
1051,13.95
1052,12.73
1053,9.32
1054,8.98
1055,16.50
1056,10.63
1057,11.48
1058,13.95
1059,10.61
1060,17.73
1061,10.48
1062,12.45
1063,15.32
1064,11.95
1065,13.59
1066,15.34
1067,15.62
1068,10.48
1069,12.48
1070,8.98
1071,16.62
1072,15.65
1073,13.82
1074,17.95
1075,15.50
1076,8.98
1077,9.00
1078,17.95
1079,8.83
1080,12.35
1081,14.50
1082,10.98
1083,7.00
1084,16.50
1085,14.30
1086,14.23
1087,17.95
1088,11.00
1089,15.65
1090,15.09
1091,5.00
1092,14.95
1093,11.27
1094,11.23
1095,15.95
1096,13.27
1097,12.95
1098,10.48
1099,14.23
1100,11.59
1101,13.95
1102,17.95
1103,9.00
1104,14.23
1105,9.98
1106,13.95
1107,10.50
1108,13.95
1109,9.98
1110,17.95
1111,12.95
1112,14.97
1113,17.23
1114,15.50
1115,10.48
1116,13.35
1117,13.95
1118,17.95
1119,17.23
1120,16.45
1121,16.50
1122,11.61
1123,15.45
1124,15.95
1125,16.73
1126,7.00
1127,15.47
1128,10.48
1129,15.62
1130,13.73
1131,9.75
1132,12.85
1133,13.46
1134,14.95
1135,5.00
1136,12.30
1137,13.73
1138,15.50
1139,10.73
1140,14.10
1141,17.95
1142,13.95
1143,14.65
1144,13.73
1145,10.50
1146,9.00
1147,10.50
1148,14.73
1149,13.23
1150,11.98
1151,17.95
1152,9.00
1153,12.89
1154,10.48
1155,17.95
1156,17.95
1157,14.23
1158,11.63
1159,13.95
1160,13.95
1161,7.00
1162,11.48
1163,13.95
1164,15.95
1165,13.73
1166,16.95
1167,11.95
1168,16.95
1169,13.63
1170,12.95
1171,14.50
1172,11.75
1173,17.45
1174,9.75
1175,14.34
1176,12.60
1177,9.75
1178,7.00
1179,10.50
1180,13.23
1181,13.95
1182,14.84
1183,9.48
1184,9.00
1185,17.95
1186,12.48
1187,7.00
1188,9.00
1189,12.95
1190,14.73
1191,12.45
1192,7.00
1193,14.95
1194,10.98
1195,11.82
1196,16.23
1197,14.50
1198,15.50
1199,9.00
1200,10.48
1201,10.75
1202,16.50
1203,12.95
1204,16.34
1205,16.95
1206,13.87
1207,11.48
1208,17.95
1209,17.45
1210,13.95
1211,19.95
1212,10.25
1213,6.00
1214,14.82
1215,17.95
1216,12.95
1217,13.95
1218,11.23
1219,13.71
1220,13.95
1221,7.75
1222,10.75
1223,11.95
1224,9.48
1225,9.48
1226,16.09
1227,17.95
1228,14.95
1229,17.95
1230,12.23
1231,10.48
1232,11.10
1233,16.09
1234,17.95
1235,12.15
1236,15.50
1237,13.95
1238,11.88
1239,13.95
1240,12.15
1241,13.80
1242,11.63
1243,10.98
1244,10.46
1245,9.00
1246,13.33
1247,16.80
1248,9.00
1249,13.48
1250,13.60
1251,14.95
1252,13.95
1253,11.25
1254,12.95
1255,17.62
1256,12.95
1257,16.28
1258,13.95
1259,12.95
1260,16.95
1261,10.67
1262,15.50
1263,14.50
1264,12.48
1265,14.24
1266,11.73
1267,14.95
1268,12.63
1269,13.95
1270,16.95
1271,11.15
1272,13.00
1273,16.50
1274,14.12
1275,17.95
1276,17.95
1277,11.75
1278,11.73
1279,7.00
1280,17.95
1281,13.95
1282,10.75
1283,11.24
1284,15.95
1285,12.48
1286,11.48
1287,14.50
1288,9.00
1289,13.73
1290,10.98
1291,8.24
1292,16.23
1293,14.95
1294,17.95
1295,13.62
1296,13.48
1297,12.74
1298,13.23
1299,10.63
1300,6.00
1301,11.48
1302,17.95
1303,15.61
1304,5.00
1305,13.95
1306,10.75
1307,11.95
1308,13.95
1309,14.50
1310,15.95
1311,10.75
1312,17.95
1313,5.00
1314,14.47
1315,15.95
1316,11.95
1317,7.00
1318,9.98
1319,13.30
1320,10.75
1321,13.80
1322,14.45
1323,14.31
1324,12.62
1325,14.98
1326,13.48
1327,17.95
1328,12.95
1329,14.95
1330,15.50
1331,11.30
1332,14.95
1333,16.45
1334,17.95
1335,10.50
1336,5.00
1337,16.50
1338,12.45
1339,17.23
1340,15.31
1341,14.85
1342,13.95
1343,7.00
1344,14.50
1345,17.73
1346,12.48
1347,16.28
1348,7.00
1349,11.98
1350,9.48
1351,12.45
1352,12.82
1353,13.73
1354,15.50
1355,11.48
1356,10.48
1357,11.75
1358,13.95
1359,14.95
1360,7.00
1361,11.48
1362,12.95
1363,14.21
1364,15.80
1365,7.00
1366,8.48
1367,13.95
1368,9.98
1369,16.23
1370,11.95
1371,12.95
1372,17.23
1373,6.00
1374,13.48
1375,14.13
1376,11.95
1377,16.98
1378,15.45
1379,13.47
1380,8.32
1381,12.97
1382,12.82
1383,14.50
1384,15.73
1385,12.73
1386,15.45
1387,10.97
1388,13.95
1389,14.50
1390,7.00
1391,10.36
1392,13.23
1393,9.98
1394,17.95
1395,7.00
1396,10.50
1397,14.50
1398,14.39
1399,11.85
1400,14.50
1401,7.00
1402,14.32
1403,15.50
1404,14.73
1405,13.62
1406,14.50
1407,15.50
1408,11.98
1409,11.95
1410,16.13
1411,11.32
1412,16.23
1413,14.20
1414,13.95
1415,15.50
1416,12.84
1417,14.59
1418,13.95
1419,14.45
1420,15.28
1421,7.00
1422,11.25
1423,14.32
1424,15.95
1425,12.15
1426,14.95
1427,13.13
1428,13.73
1429,14.73
1430,15.95
1431,15.50
1432,14.95
1433,14.95
1434,13.73
1435,11.96
1436,14.48
1437,12.95
1438,13.73
1439,15.95
1440,14.50
1441,9.98
1442,15.46
1443,9.75
1444,17.95
1445,12.85
1446,10.48
1447,14.95
1448,12.95
1449,7.00
1450,11.35
1451,16.34
1452,13.73
1453,9.61
1454,13.48
1455,17.95
1456,12.95
1457,12.33
1458,13.95
1459,15.50
1460,9.00
1461,15.57
1462,17.95
1463,15.50
1464,12.95
1465,16.45
1466,6.00
1467,12.95
1468,13.95
1469,12.95
1470,13.45
1471,15.59
1472,16.23
1473,11.95
1474,13.50
1475,13.71
1476,12.95
1477,17.95
1478,9.11
1479,12.95
1480,14.95
1481,8.00
1482,15.50
1483,13.67
1484,12.48
1485,14.95
1486,17.95
1487,14.95
1488,16.45
1489,5.00
1490,14.85
1491,16.50
1492,11.96
1493,17.95
1494,14.28
1495,14.15
1496,11.95
1497,14.47
1498,7.00
1499,17.95
1500,11.85
1501,10.98
1502,17.95
1503,12.95
1504,11.84
1505,14.34
1506,9.00
1507,11.95
1508,14.50
1509,15.06
1510,17.95
1511,14.50
1512,11.95
1513,5.00
1514,15.23
1515,15.50
1516,9.48
1517,7.00
1518,12.95
1519,9.00
1520,11.48
1521,15.95
1522,14.61
1523,11.95
1524,16.95
1525,14.95
1526,7.00
1527,14.23
1529,11.98
1530,16.73
1531,17.95
1532,10.75
1533,13.95
1534,14.82
1535,16.70
1536,10.97
1537,10.50
1538,15.63
1539,11.48
1540,14.23
1541,7.00
1542,12.48
1543,10.75
1544,9.48
1545,17.95
1546,7.00
1547,17.95
1548,12.48
1549,7.00
1550,15.73
1551,19.95
1552,17.95
1553,13.95
1554,14.95
1555,16.95
1556,11.25
1557,17.95
1558,17.45
1559,17.95
1560,12.45
1561,9.00
1562,14.50
1563,16.23
1564,13.24
1565,15.70
1566,17.95
1567,15.13
1568,16.09
1569,10.63
1570,13.95
1571,12.95
1572,9.98
1573,7.00
1574,15.28
1575,14.95
1576,9.75
1577,14.95
1578,12.82
1579,10.75
1580,15.73
1582,12.35
1583,9.75
1584,10.98
1585,15.47
1586,14.30
1587,5.00
1588,13.48
1589,11.00
1590,11.48
1591,15.59
1592,10.50
1593,10.48
1594,10.50
1595,11.48
1596,8.75
1597,7.00
1598,14.95
1599,13.23
1600,13.45
1601,13.48
1602,10.48
1603,17.95
1604,13.73
1605,17.95
1606,10.25
1607,15.95
1608,16.95
1609,16.73
1610,11.95
1611,12.35
1612,8.00
1613,14.96
1614,14.23
1615,11.95
1616,7.00
1617,16.45
1618,11.49
1619,13.73
1620,10.98
1621,16.50
1622,9.48
1623,12.95
1624,13.95
1625,12.95
1626,17.95
1627,12.95
1628,15.95
1629,12.15
1630,11.33
1631,15.73
1632,13.30
1633,12.97
1634,14.50
1635,16.50
1636,16.95
1637,13.80
1638,17.13
1639,14.89
1640,17.95
1641,9.75
1642,11.49
1643,11.63
1644,13.47
1645,16.95
1646,14.28
1647,17.95
1648,10.61
1649,13.95
1650,12.96
1651,17.95
1652,11.98
1653,16.00
1654,10.48
1655,10.15
1656,14.96
1657,15.45
1658,12.50
1659,15.34
1660,16.50
1661,10.48
1662,11.95
1663,14.21
1664,15.50
1665,10.48
1666,13.95
1667,11.95
1668,13.15
1669,10.50
1670,11.36
1671,13.45
1672,19.95
1673,15.50
1674,14.50
1675,10.98
1676,17.95
1677,10.50
1678,5.00
1679,13.95
1681,13.45
1682,8.98
1683,15.50
1684,10.98
1685,13.24
1686,15.34
1687,10.98
1688,5.00
1689,17.95
1690,17.95
1691,17.95
1692,17.95
1693,17.95
1694,13.95
1695,10.48
1696,14.23
1697,13.23
1698,12.95
1699,7.00
1700,13.95
1701,11.95
1702,10.50
1703,12.45
1704,12.35
1705,16.73
1706,15.50
1707,11.48
1708,12.95
1709,13.95
1710,16.62
1711,17.95
1712,13.45
1713,17.95
1714,14.95
1715,13.60
1716,9.98
1717,14.50
1718,13.21
1719,7.00
1720,12.25
1721,9.98
1722,10.50
1723,11.95
1724,7.00
1725,18.95
1726,14.73
1727,6.00
1728,13.73
1729,14.50
1730,14.28
1731,13.95
1732,13.80
1733,17.95
1734,12.21
1735,13.95
1736,5.00
1737,11.15
1738,15.45
1739,12.95
1740,9.00
1741,13.95
1742,14.50
1743,10.50
1744,14.13
1745,12.49
1746,14.50
1747,5.00
1748,13.95
1749,14.48
1750,14.23
1751,15.95
1752,12.48
1753,11.48
1754,11.73
1755,13.48
1756,15.50
1757,16.23
1758,11.98
1759,14.59
1760,14.50
1761,14.50
1762,17.95
1763,17.95
1764,16.13
1765,16.73
1766,15.50
1767,13.98
1768,9.00
1769,14.95
1770,9.00
1771,16.23
1772,17.95
1773,11.75
1774,11.95
1775,14.95
1776,14.97
1777,13.95
1778,17.95
1779,13.95
1780,14.95
1781,13.45
1782,12.45
1783,17.95
1784,14.35
1785,14.50
1786,11.48
1787,13.30
1788,11.98
1789,13.63
1790,7.00
1791,13.46
1792,12.25
1793,16.62
1794,13.95
1795,12.43
1796,14.54
1797,9.48
1798,10.50
1799,14.95
1800,9.00
1801,14.70
1802,13.46
1803,17.62
1804,15.95
1805,13.48
1806,11.63
1807,16.32
1808,16.73
1809,14.23
1810,14.50
1811,15.80
1812,15.73
1813,15.73
1814,13.15
1815,17.47
1816,14.30
1817,15.13
1818,12.95
1819,11.63
1820,14.62
1821,13.48
1822,13.45
1823,13.95
1824,11.75
1825,14.32
1826,12.71
1827,12.98
1828,7.00
1829,11.23
1830,13.95
1831,13.95
1832,11.95
1833,14.73
1834,12.45
1835,16.20
1836,16.95
1837,15.84
1838,14.30
1839,7.00
1840,15.48
1841,8.75
1842,8.48
1843,10.75
1844,11.98
1845,15.09
1846,16.50
1847,14.50
1848,16.23
1849,15.47
1850,16.73
1851,12.19
1852,15.95
1853,12.45
1854,16.50
1855,12.60
1856,13.95
1857,13.95
1858,7.00
1859,14.95
1860,14.50
1861,19.95
1862,14.73
1863,11.95
1864,14.95
1865,13.46
1866,10.98
1867,7.00
1868,11.75
1869,11.71
1870,16.50
1871,17.95
1872,12.60
1873,13.95
1874,13.95
1875,6.00
1876,16.20
1877,13.48
1878,13.23
1879,16.50
1880,17.13
1881,8.48
1882,14.23
1883,17.95
1884,13.35
1885,13.60
1886,15.50
1887,11.68
1888,12.95
1889,12.95
1890,14.73
1891,10.98
1892,15.28
1893,7.00
1894,14.50
1895,8.74
1896,13.95
1897,9.65
1898,9.00
1899,11.98
1900,17.95
1901,15.45
1902,17.95
1903,17.95
1904,12.24
1905,13.80
1906,14.50
1907,17.95
1908,12.95
1909,12.95
1910,12.95
1911,13.95
1912,13.45
1913,13.95
1914,5.00
1915,6.00
1916,12.45
1917,10.86
1918,13.95
1919,7.00
1920,12.45
1921,17.95
1922,13.98
1923,13.73
1924,14.28
1925,8.98
1926,9.75
1927,8.17
1928,12.95
1929,14.59
1930,13.95
1931,11.75
1932,10.48
1933,11.48
1934,13.95
1935,14.95
1936,12.48
1937,13.95
1938,5.00
1939,5.00
1940,16.95
1941,5.00
1942,10.75
1943,16.23
1944,12.48
1945,17.95
1946,13.79
1947,9.98
1948,14.47
1949,12.95
1950,17.95
1951,6.00
1952,15.50
1953,12.95
1954,14.95
1955,9.00
1956,13.80
1957,13.58
1958,14.95
1959,7.00
1960,5.00
1961,16.00
1962,13.95
1963,11.82
1964,13.30
1965,17.09
1966,10.11
1967,14.46
1968,14.32
1969,17.95
1970,12.95
1971,17.95
1972,11.60
1973,17.95
1974,18.13
1975,9.75
1976,9.50
1977,9.00
1978,5.00
1979,9.00
1980,17.95
1981,13.48
1982,5.00
1983,10.50
1984,16.73
1985,15.95
1986,14.95
1987,13.30
1988,13.13
1989,14.95
1990,12.97
1991,9.00
1992,9.00
1993,16.95
1994,13.96
1995,12.60
1996,15.47
1997,14.50
1998,17.95
1999,13.42
2000,13.88
2001,15.95
2002,15.80
2003,14.50
2004,14.95
2005,11.73
2006,12.11
2007,15.45
2008,11.95
2009,9.00
2010,13.35
2011,11.98
2012,7.00
2013,14.32
2014,7.00
2015,17.95
2016,15.13
2017,15.45
2018,11.30
2019,7.00
2020,16.50
2021,12.96
2022,9.75
2023,17.95
2024,11.82
2025,15.45
2026,15.50
2027,12.48
2028,17.95
2029,8.00
2030,10.75
2031,8.65
2032,9.00
2033,14.21
2034,10.75
2035,14.50
2036,15.13
2037,15.50
2038,13.95
2039,14.95
2040,17.95
2041,14.50
2042,14.28
2043,9.00
2044,10.48
2045,14.95
2046,14.95
2047,11.63
2048,7.00
2049,14.62
2050,13.10
2051,13.10
2052,14.59
2053,11.48
2054,17.95
2055,14.23
2056,14.13
2057,17.95
2058,6.00
2059,8.98
2060,12.48
2061,9.75
2062,17.95
2063,16.50
2064,13.24
2065,14.62
2066,17.95
2067,7.00
2068,14.23
2069,11.48
2070,15.45
2071,14.50
2072,12.95
2073,14.02
2074,16.23
2075,14.70
2076,15.45
2077,12.95
2078,15.45
2079,7.00
2080,14.73
2081,12.60
2082,14.95
2083,10.50
2084,15.45
2085,17.95
2086,14.95
2087,15.45
2088,9.00
2089,7.00
2090,13.96
2091,12.50
2092,16.73
2093,7.00
2094,17.95
2095,12.96
2096,14.95
2097,12.48
2098,14.50
2099,5.00
2100,13.73
2101,13.13
2102,16.65
2103,11.96
2104,12.33
2105,17.95
2106,13.48
2107,15.23
2108,13.85
2109,9.48
2110,11.95
2111,11.23
2112,12.95
2113,12.25
2114,14.50
2115,11.61
2116,15.50
2117,13.95
2118,9.32
2119,11.95
2120,9.00
2121,9.00
2122,17.95
2123,7.00
2124,13.37
2125,17.95
2126,13.62
2127,14.50
2128,14.23
2129,16.70
2130,7.00
2131,13.95
2132,12.71
2133,17.95
2134,13.63
2135,16.32
2136,13.47
2137,15.28
2138,17.45
2139,17.95
2140,19.95
2141,14.95
2142,10.98
2143,12.13
2144,10.48
2145,14.95
2146,13.73
2147,8.38
2148,12.45
2149,12.95
2150,17.95
2151,16.45
2152,16.45
2153,12.48
2154,13.45
2155,9.98
2156,12.98
2157,12.48
2158,8.98
2159,15.73
2160,5.00
2161,13.95
2162,10.75
2163,10.48
2164,9.00
2165,10.48
2166,16.95
2167,7.00
2168,11.95
2169,14.45
2170,14.50
2171,11.95
2172,14.45
2173,16.50
2174,11.60
2175,14.50
2176,13.95
2177,9.48
2178,17.95
2179,5.00
2180,17.23
2181,17.95
2182,15.63
2183,10.60
2184,14.32
2185,9.00
2186,14.95
2187,11.68
2188,14.05
2189,10.48
2190,14.23
2191,13.30
2192,7.00
2193,15.70
2194,14.23
2195,12.82
2196,7.00
2197,14.95
2198,15.23
2199,13.95
2200,19.95
2201,15.50
2202,14.95
2203,13.35
2204,19.95
2205,12.95
2206,15.13
2207,7.00
2208,17.23
2209,10.32
2210,14.50
2211,13.23
2212,5.00
2213,10.75
2214,10.48
2215,12.48
2216,13.45
2217,13.95
2218,18.95
2219,16.23
2220,15.50
2221,11.23
2222,13.62
2224,12.95
2225,13.95
2226,8.65
2227,16.95
2228,15.95
2229,15.62
2230,14.50
2231,17.95
2232,13.47
2233,17.95
2234,15.23
2235,13.45
2236,15.13
2237,12.97
2238,9.00
2239,14.50
2240,15.95
2241,14.30
2242,15.37
2243,11.73
2244,16.95
2245,7.00
2246,14.23
2247,13.95
2248,8.00
2249,19.95
2250,11.95
2251,8.00
2252,16.73
2253,12.95
2254,13.46
2255,12.67
2256,11.73
2257,12.15
2259,11.95
2260,15.70
2261,17.95
2262,14.95
2263,10.48
2264,17.95
2265,15.59
2266,17.95
2267,11.33
2268,7.00
2269,14.73
2270,10.48
2271,7.00
2272,15.34
2273,16.13
2274,16.95
2275,16.23
2276,9.00
2277,15.09
2278,17.45
2279,17.95
2280,11.96
2281,17.95
2282,9.00
2283,13.38
2284,15.47
2285,12.95
2286,17.95
2287,12.95
2288,7.00
2289,14.45
2290,17.95
2291,14.13
2292,9.61
2293,9.98
2294,11.95
2295,11.95
2296,10.23
2297,14.50
2298,9.75
2299,10.48
2300,17.95
2301,13.95
2302,16.23
2303,9.00
2304,16.00
2305,16.50
2306,7.32
2307,17.95
2308,14.95
2309,13.31
2310,5.00
2311,17.95
2312,13.48
2313,14.95
2314,10.17
2315,11.10
2316,17.95
2317,14.20
2318,7.00
2319,13.45
2320,14.50
2321,12.95
2322,9.74
2323,12.95
2324,13.95
2325,14.95
2326,12.85
2327,12.95
2328,13.95
2329,11.32
2330,8.48
2331,17.95
2332,13.33
2333,13.35
2334,13.82
2335,9.50
2336,14.95
2337,17.23
2338,7.00
2339,12.25
2340,17.45
2341,14.62
2342,7.00
2343,7.00
2344,16.80
2345,13.95
2346,13.59
2347,8.83
2348,11.80
2349,7.00
2350,13.95
2351,12.71
2352,10.98
2353,7.00
2354,13.35
2355,15.50
2356,9.00
2358,13.45
2359,16.95
2360,13.95
2361,5.00
2362,12.30
2363,11.85
2364,15.62
2365,17.95
2366,8.98
2367,16.45
2368,7.00
2369,11.07
2370,12.48
2371,10.50
2372,13.13
2373,19.95
2374,12.60
2375,13.95
2376,15.84
2377,12.48
2378,11.95
2379,16.73
2380,10.48
2381,11.71
2382,11.36
2383,12.48
2384,10.50
2385,11.95
2386,16.73
2387,13.73
2388,14.50
2389,13.95
2390,11.25
2391,11.95
2392,9.75
2393,12.15
2394,13.30
2395,14.73
2396,11.98
2397,12.95
2398,13.97
2399,17.34
2400,14.50
2401,15.70
2402,17.95
2403,15.47
2404,16.62
2405,14.95
2406,10.75
2407,15.50
2408,16.23
2409,9.36
2410,9.82
2411,13.95
2412,17.95
2413,12.95
2414,7.00
2415,10.48
2416,9.98
2417,14.09
2418,10.50
2419,13.95
2420,17.95
2421,7.00
2422,10.11
2423,13.95
2424,11.95
2425,7.00
2426,15.65
2427,7.00
2428,13.95
2429,17.95
2430,11.48
2431,13.71
2432,15.47
2433,13.63
2434,11.95
2435,15.50
2436,10.98
2437,14.23
2438,13.95
2439,11.23
2440,12.48
2441,7.00
2442,13.28
2443,13.95
2444,11.48
2445,15.50
2446,10.50
2447,13.48
2448,14.95
2449,16.95
2450,12.48
2451,6.00
2452,15.65
2453,14.50
2454,9.98
2455,14.35
2456,13.10
2457,11.95
2458,11.73
2459,10.50
2460,11.95
2461,14.50
2462,12.95
2463,15.95
2464,17.95
2465,12.95
2466,12.95
2467,16.95
2468,19.95
2469,17.95
2470,11.48
2471,14.97
2472,14.50
2473,9.00
2474,9.00
2475,14.95
2476,17.95
2477,8.00
2478,6.00
2479,13.58
2480,5.00
2481,11.75
2482,11.95
2483,5.00
2484,15.50
2485,11.99
2486,11.98
2488,11.96
2489,14.50
2490,10.50
2491,11.98
2492,12.95
2493,13.50
2494,13.95
2495,17.95
2496,17.95
2497,13.10
2498,14.50
2499,7.00
2500,14.50
2501,7.00
2502,15.65
2503,15.45
2504,8.48
2505,14.23
2506,11.99
2507,14.23
2508,16.23
2509,12.95
2510,13.95
2511,12.82
2512,15.98
2513,13.95
2514,12.48
2515,13.71
2516,14.23
2517,19.95
2518,13.96
2519,6.00
2520,17.95
2521,9.48
2522,11.85
2523,14.35
2524,13.60
2525,14.50
2526,17.23
2527,16.95
2528,9.48
2529,14.46
2530,12.63
2531,14.45
2532,17.95
2533,12.95
2534,14.50
2535,12.45
2536,17.95
2537,13.95
2538,14.80
2539,12.48
2540,14.23
2541,13.73
2542,7.00
2543,9.00
2544,10.30
2545,17.95
2546,16.50
2547,14.72
2548,14.78
2549,10.50
2550,13.95
2551,15.95
2552,12.95
2553,9.00
2554,17.95
2555,12.45
2556,9.98
2557,11.61
2558,17.95
2559,7.00
2560,11.95
2561,9.00
2562,11.36
2563,11.63
2564,7.00
2565,13.82
2566,10.75
2567,13.95
2568,14.95
2569,13.21
2570,17.95
2571,15.98
2572,14.50
2573,14.50
2574,13.48
2575,14.50
2576,10.75
2577,14.45
2578,13.59
2579,14.32
2580,15.23
2581,17.23
2582,7.00
2583,5.00
2584,14.95
2585,8.48
2586,15.45
2587,15.47
2588,11.96
2589,15.50
2590,14.50
2591,16.45
2592,16.50
2593,12.21
2594,11.75
2596,10.86
2597,10.50
2598,11.95
2599,13.73
2600,10.50
2601,14.13
2602,11.72
2603,12.95
2604,11.97
2605,13.95
2606,13.45
2607,11.95
2608,7.00
2609,16.34
2610,5.00
2611,14.50
2612,12.31
2613,17.23
2615,13.73
2616,17.13
2617,12.95
2618,13.73
2619,17.95
2620,17.95
2621,17.95
2622,14.32
2623,11.95
2624,12.50
2625,13.71
2626,9.32
2627,6.00
2628,12.00
2629,13.95
2630,10.82
2631,12.74
2632,13.73
2633,7.74
2634,11.48
2635,5.00
2636,14.95
2637,12.95
2638,9.32
2639,7.00
2640,12.95
2641,14.85
2642,17.95
2643,12.48
2644,13.15
2645,11.48
2646,16.50
2647,12.96
2648,14.47
2649,11.32
2650,9.11
2651,13.95
2652,17.95
2653,14.95
2654,16.45
2655,13.71
2656,16.50
2657,14.23
2658,14.95
2659,15.95
2660,13.95
2661,14.73
2662,11.73
2663,9.48
2664,12.95
2665,12.95
2666,10.98
2667,15.50
2668,10.48
2669,7.00
2670,13.46
2671,15.50
2672,15.50
2673,7.00
2674,16.95
2675,13.22
2676,17.95
2677,11.46
2678,12.95
2679,7.00
2680,13.95
2681,7.00
2682,13.95
2683,9.48
2684,9.00
2685,16.45
2686,17.95
2687,14.95
2688,12.95
2689,11.98
2690,13.95
2691,17.95
2692,16.73
2693,14.48
2694,13.95
2695,13.45
2696,15.95
2697,12.74
2698,15.23
2699,13.60
2700,14.75
2701,12.95
2702,11.82
2703,7.00
2704,7.00
2705,13.38
2706,17.95
2707,12.35
2708,15.45
2709,15.23
2710,10.17
2711,11.73
2712,10.98
2713,15.95
2714,12.95
2715,11.48
2716,14.62
2717,15.00
2718,15.59
2719,11.48
2720,12.95
2721,14.50
2722,11.97
2723,5.00
2724,15.13
2725,12.50
2726,16.50
2727,14.95
2728,11.48
2729,7.00
2730,7.00
2731,13.95
2732,15.09
2733,14.23
2734,7.00
2735,16.09
2736,11.82
2737,17.23
2738,13.95
2739,7.00
2740,11.48
2741,5.00
2742,13.48
2743,14.50
2744,17.95
2745,5.00
2746,12.62
2747,11.25
2748,10.50
2749,13.50
2750,15.21
2751,11.95
2752,12.35
2753,15.95
2754,13.98
2755,10.97
2756,13.45
2757,16.50
2758,8.75
2759,8.65
2760,16.95
2761,11.61
2762,17.95
2763,14.23
2764,16.50
2765,10.75
2766,15.62
2767,12.63
2768,14.95
2769,16.73
2770,11.63
2771,11.95
2772,10.71
2773,15.61
2774,14.73
2775,14.50
2776,12.98
2777,17.95
2778,14.50
2779,16.23
2780,15.50
2781,11.03
2782,7.00
2783,13.48
2784,14.62
2785,11.95
2786,13.26
2787,9.98
2788,13.80
2789,15.47
2790,13.95
2791,17.95
2792,16.95
2793,12.97
2794,14.59
2795,17.95
2796,17.95
2797,16.95
2798,10.24
2799,17.95
2800,9.75
2801,6.00
2802,15.45
2803,12.73
2804,12.48
2805,15.95
2806,5.00
2807,12.48
2808,13.80
2809,13.95
2810,13.23
2811,13.34
2812,12.30
2813,12.48
2814,7.00
2815,12.67
2816,14.73
2817,10.75
2818,15.13
2819,12.48
2820,11.95
2821,12.95
2822,5.00
2823,14.23
2824,11.49
2825,14.60
2826,12.48
2827,7.75
2828,15.50
2829,10.48
2830,12.95
2831,11.61
2832,13.95
2833,16.50
2834,12.95
2835,14.50
2836,14.50
2837,13.95
2838,17.95
2839,7.00
2840,17.95
2841,13.30
2842,14.95
2843,12.96
2844,14.73
2845,11.95
2846,13.98
2847,16.95
2848,9.48
2849,8.24
2850,14.95
2851,12.92
2852,11.48
2853,10.50
2854,15.84
2855,12.98
2856,9.75
2857,14.95
2858,14.48
2859,12.23
2860,10.50
2861,16.50
2862,7.00
2863,15.50
2864,10.75
2865,14.50
2866,17.95
2867,12.95
2868,19.95
2869,12.95
2870,17.95
2871,9.32
2872,7.00
2873,12.95
2874,11.48
2875,15.45
2876,13.80
2877,16.23
2878,12.63
2879,11.49
2880,11.95
2881,10.82
2882,14.80
2883,13.47
2884,16.23
2885,15.45
2886,12.95
2887,13.45
2888,17.95
2889,9.59
2890,17.95
2891,17.95
2892,14.59
2893,14.73
2894,14.50
2895,14.25
2896,14.50
2897,14.32
2898,11.95
2899,7.00
2900,11.95
2901,11.95
2902,9.48
2903,10.50
2904,17.95
2905,12.21
2906,14.95
2907,15.48
2908,14.50
2909,12.48
2910,13.74
2911,11.95
2912,14.20
2913,12.95
2914,11.75
2915,15.73
2916,12.63
2917,15.00
2918,13.95
2919,11.86
2920,16.23
2921,11.60
2922,13.48
2923,16.95
2924,9.82
2925,12.95
2926,11.98
2927,10.48
2928,10.50
2929,10.50
2930,12.73
2931,13.98
2932,9.75
2933,14.95
2934,15.62
2935,15.23
2936,10.74
2937,12.95
2938,13.80
2939,9.98
2940,14.50
2941,14.34
2942,11.11
2943,11.48
2944,14.98
2945,14.95
2946,7.00
2947,14.95
2948,13.59
2949,14.95
2950,16.65
2951,14.80
2952,10.48
2953,14.73
2954,14.50
2955,14.50
2956,15.95
2957,13.73
2958,12.60
2959,17.95
2960,13.63
2961,15.73
2962,19.95
2963,12.96
2964,16.95
2965,11.95
2966,17.95
2967,11.79
2968,15.23
2969,12.95
2970,10.50
2971,12.95
2972,17.95
2973,14.50
2974,7.00
2975,13.50
2976,9.98
2977,5.00
2978,10.98
2979,8.98
2980,15.65
2981,12.95
2982,13.95
2983,15.50
2984,16.73
2985,11.98
2986,13.73
2987,14.34
2988,17.23
2989,14.32
2990,19.95
2991,10.50
2992,13.95
2993,17.95
2994,10.98
2995,16.95
2996,17.95
2997,14.50
2998,11.13
2999,13.28
3000,12.95
3001,8.99
3002,13.21
3003,12.73
3004,13.95
3005,15.50
3006,10.99
3007,17.95
3008,13.95
3009,12.15
3010,14.62
3011,7.00
3012,8.61
3013,7.00
3014,13.35
3015,12.95
3016,9.75
3017,14.50
3018,13.83
3019,12.95
3020,9.00
3021,7.00
3022,13.46
3023,14.45
3024,12.95
3025,16.50
3026,15.62
3027,11.50
3028,15.50
3029,12.71
3030,13.09
3031,10.15
3032,12.70
3033,17.95
3034,10.17
3035,16.00
3036,12.23
3037,15.45
3038,7.75
3039,15.00
3040,11.98
3041,8.86
3042,11.85
3043,15.95
3044,13.95
3045,9.48
3046,16.95
3047,12.71
3048,8.17
3049,14.95
3050,12.95
3051,9.48
3052,16.95
3053,14.73
3054,12.50
3055,15.13
3056,9.00
3057,17.95
3058,15.47
3059,15.23
3060,9.48
3061,15.95
3062,19.95
3063,16.80
3064,11.95
3065,12.63
3066,11.98
3067,11.36
3068,14.50
3069,11.48
3070,5.00
3071,13.10
3072,13.99
3073,17.95
3074,13.45
3075,14.13
3076,16.28
3077,7.00
3078,15.50
3079,16.50
3080,10.11
3081,11.95
3082,12.08
3083,16.80
3084,15.95
3085,14.95
3086,15.50
3087,14.50
3088,9.75
3089,10.83
3090,14.73
3091,13.48
3092,13.15
3093,17.95
3094,16.50
3095,11.61
3096,16.73
3097,12.28
3098,12.48
3099,17.95
3100,9.00
3101,13.85
3102,16.98
3103,12.95
3104,7.00
3105,17.47
3106,12.95
3107,10.48
3108,10.48
3109,16.28
3110,14.50
3111,10.48
3112,16.20
3113,14.23
3114,13.95
3115,16.95
3116,16.23
3117,5.00
3118,14.45
3119,14.50
3120,8.98
3121,17.95
3122,14.50
3123,10.75
3124,13.63
3125,16.47
3126,13.95
3127,14.63
3128,17.95
3129,11.95
3130,13.45
3131,7.00
3132,14.95
3133,12.65
3134,15.50
3135,12.95
3136,12.22
3137,14.95
3138,10.98
3139,17.95
3140,11.95
3142,17.45
3143,14.23
3144,13.60
3145,12.60
3146,13.30
3147,11.99
3148,13.95
3149,9.98
3150,14.50
3151,16.47
3152,16.13
3153,15.95
3154,9.00
3155,7.00
3156,10.48
3157,14.23
3158,17.95
3159,15.95
3160,13.95
3161,14.34
3162,12.15
3163,16.50
3164,19.95
3165,8.00
3166,13.95
3167,12.48
3168,16.50
3169,16.34
3170,13.82
3171,10.50
3172,13.73
3173,13.62
3174,10.50
3175,13.80
3176,14.73
3177,7.75
3178,7.00
3179,13.96
3180,11.95
3181,15.45
3182,17.95
3183,12.95
3184,14.50
3185,13.95
3186,13.62
3187,11.40
3188,10.50
3189,11.12
3190,15.73
3191,14.95
3192,14.95
3193,9.00
3194,17.95
3195,10.98
3196,9.48
3197,14.50
3198,15.73
3199,9.48
3200,13.48
3201,13.60
3202,15.47
3203,11.98
3204,11.95
3205,10.97
3206,12.61
3207,16.23
3208,14.50
3209,16.50
3210,16.48
3211,14.23
3212,14.23
3213,13.95
3214,11.95
3215,5.00
3216,16.09
3217,13.21
3218,14.50
3219,12.95
3220,17.95
3221,14.50
3222,13.97
3223,15.13
3224,16.50
3225,14.50
3226,12.09
3227,8.00
3228,14.95
3229,14.23
3230,8.75
3231,18.95
3232,13.49
3233,7.00
3234,12.07
3235,14.95
3236,10.23
3237,13.95
3238,7.00
3239,14.95
3240,13.82
3241,16.50
3242,12.30
3243,11.98
3244,13.45
3245,16.95
3246,13.80
3247,12.95
3248,14.95
3249,15.80
3250,12.46
3251,12.95
3252,14.95
3253,14.95
3254,15.13
3255,10.32
3256,8.75
3257,9.48
3258,18.62
3259,13.95
3260,11.98
3261,11.10
3262,16.28
3263,12.95
3264,16.23
3265,12.30
3266,13.23
3267,9.75
3268,10.98
3269,12.97
3270,15.50
3271,12.95
3272,17.95
3273,16.23
3274,6.00
3276,13.48
3277,14.50
3278,14.45
3279,9.98
3280,11.35
3281,9.50
3282,9.00
3283,14.95
3284,17.95
3285,12.95
3286,12.74
3287,15.45
3288,14.13
3289,13.76
3290,11.82
3291,16.50
3292,12.48
3293,9.00
3294,15.95
3295,17.95
3296,14.65
3297,12.95
3298,10.50
3299,17.95
3300,17.95
3301,17.95
3302,12.50
3303,10.50
3304,14.06
3305,17.95
3306,7.00
3307,11.98
3308,13.45
3309,14.73
3310,16.28
3311,13.10
3312,14.95
3313,15.50
3314,16.47
3315,15.95
3316,16.95
3317,14.73
3318,10.75
3319,13.95
3320,11.75
3321,15.71
3322,13.85
3323,14.73
3324,14.95
3325,16.23
3326,10.75
3327,17.95
3328,12.48
3329,11.97
3330,10.61
3331,10.50
3332,13.95
3333,12.95
3334,14.95
3335,13.95
3336,17.95
3337,9.38
3338,16.50
3339,11.23
3340,12.25
3341,16.50
3342,13.62
3343,7.00
3344,12.95
3345,11.95
3346,12.75
3347,15.50
3348,12.95
3349,15.47
3350,11.30
3351,15.95
3353,14.30
3354,16.73
3355,12.87
3356,7.00
3357,10.17
3358,7.00
3359,17.95
3360,14.47
3361,18.95
3362,17.95
3363,12.39
3364,13.23
3365,17.95
3366,11.97
3367,5.00
3368,14.95
3369,15.80
3370,11.15
3371,11.36
3372,13.71
3373,10.98
3374,13.48
3375,9.00
3376,10.50
3377,14.50
3378,14.95
3379,16.45
3380,13.00
3381,15.73
3382,11.63
3383,16.50
3384,14.60
3385,14.95
3386,15.95
3387,12.98
3388,17.95
3389,17.95
3390,16.45
3391,11.96
3392,15.47
3393,7.00
3394,15.62
3395,15.50
3396,17.95
3397,14.95
3398,8.74
3399,11.86
3400,10.50
3401,12.82
3402,13.47
3403,15.20
3404,8.00
3405,14.95
3406,14.23
3407,11.95
3408,13.95
3409,10.98
3410,11.98
3411,19.95
3412,13.07
3413,14.48
3414,14.95
3415,15.09
3416,17.95
3417,14.16
3418,15.95
3419,10.48
3420,17.95
3421,10.48
3422,5.00
3423,15.09
3424,13.71
3425,17.95
3426,11.25
3427,9.48
3428,10.75
3429,14.48
3430,12.48
3431,11.30
3432,8.83
3433,17.45
3434,9.75
3435,7.00
3436,13.71
3437,10.98
3438,15.50
3439,17.95
3440,11.96
3441,14.50
3442,10.98
3443,11.82
3444,12.47
3445,13.67
3446,12.98
3447,9.24
3448,12.74
3449,10.63
3450,13.62
3451,9.75
3452,13.15
3453,7.00
3454,13.85
3455,10.82
3456,9.98
3457,14.73
3458,14.73
3459,15.95
3460,13.95
3461,14.95
3462,11.48
3463,10.75
3464,13.63
3465,17.95
3466,14.95
3467,13.82
3468,7.00
3469,11.95
3470,18.95
3471,7.00
3472,9.00
3473,13.04
3474,18.23
3475,7.00
3476,13.46
3477,13.95
3478,15.50
3479,14.50
3481,10.50
3482,12.15
3483,9.50
3484,13.23
3485,7.00
3486,14.50
3487,11.95
3488,13.73
3489,12.95
3490,15.28
3491,14.95
3492,11.25
3493,13.35
3494,13.15
3495,17.95
3496,16.32
3497,10.50
3498,16.95
3499,15.13
3500,13.30
3501,12.30
3502,12.73
3503,16.95
3504,13.50
3505,11.48
3506,10.48
3507,9.75
3508,13.28
3509,16.80
3510,14.34
3511,10.86
3512,11.71
3513,14.50
3514,13.00
3515,15.50
3516,12.23
3517,12.48
3518,15.23
3519,16.23
3520,16.23
3521,7.00
3522,15.23
3523,15.50
3524,15.65
3525,14.13
3526,17.95
3527,14.73
3528,13.84
3529,16.45
3530,15.32
3531,5.00
3532,7.00
3533,15.95
3534,13.45
3535,15.73
3536,15.50
3537,13.21
3538,16.95
3539,15.66
3540,5.00
3541,16.95
3542,14.50
3543,14.50
3544,14.50
3545,18.95
3546,12.23
3547,11.75
3548,13.73
3549,14.95
3550,12.48
3551,16.50
3552,12.63
3553,13.23
3554,7.00
3555,15.73
3556,15.45
3557,7.00
3558,8.00
3559,15.10
3560,16.73
3561,9.98
3562,12.48
3563,12.95
3564,10.48
3565,17.95
3566,15.95
3567,15.50
3568,11.98
3569,14.50
3570,6.00
3571,9.98
3572,12.95
3573,8.65
3574,12.30
3575,16.95
3576,8.83
3577,7.00
3578,13.95
3579,15.50
3580,14.95
3581,9.00
3582,9.48
3583,13.82
3584,10.17
3585,11.95
3586,12.95
3587,15.28
3588,14.95
3589,14.59
3590,12.48
3591,12.95
3592,10.50
3593,10.61
3594,14.95
3595,12.95
3596,16.50
3597,17.95
3598,10.50
3599,13.95
3600,9.00
3601,13.30
3602,15.50
3603,16.50
3604,13.95
3605,14.95
3606,11.30
3607,13.48
3608,15.23
3609,9.98
3610,15.65
3611,7.00
3612,19.95
3613,17.95
3614,16.95
3615,10.63
3616,15.45
3617,12.30
3618,14.48
3619,9.48
3620,13.95
3621,5.00
3622,14.95
3623,10.67
3624,7.00
3625,14.23
3626,11.48
3627,11.32
3628,14.23
3629,15.61
3630,16.95
3631,7.00
3632,5.00
3633,12.63
3634,12.67
3635,8.74
3636,10.98
3637,17.95
3638,13.95
3639,10.48
3640,13.95
3641,11.95
3642,13.15
3643,14.09
3644,17.95
3645,13.95
3646,16.23
3647,11.95
3648,13.48
3649,15.35
3650,15.47
3651,14.50
3652,11.73
3653,14.95
3654,13.76
3655,11.85
3656,17.95
3657,16.73
3658,12.48
3659,13.52
3660,13.49
3661,13.35
3662,17.95
3663,13.49
3664,14.50
3665,16.28
3666,11.73
3667,12.97
3668,16.62
3669,12.48
3670,15.73
3671,11.82
3672,7.00
3673,14.95
3674,19.95
3675,15.10
3676,13.95
3677,13.60
3678,12.48
3679,16.95
3680,12.95
3681,17.95
3682,14.73
3683,12.74
3684,11.95
3685,16.13
3686,11.95
3687,13.95
3688,13.95
3689,10.17
3690,10.50
3691,13.59
3692,13.04
3693,14.50
3694,13.95
3695,17.95
3696,17.95
3697,14.80
3698,16.73
3699,10.17
3700,9.48
3701,17.95
3702,14.97
3703,12.95
3704,17.95
3705,14.08
3706,11.95
3707,17.95
3708,14.95
3709,10.48
3710,12.86
3711,7.00
3712,7.00
3713,15.09
3714,17.95
3715,12.97
3716,14.95
3717,13.45
3718,17.95
3719,17.95
3720,10.50
3721,14.50
3722,13.95
3723,11.25
3724,10.25
3725,12.95
3726,14.23
3727,9.00
3728,10.48
3729,12.57
3730,12.25
3731,17.95
3732,11.98
3733,13.70
3734,11.60
3735,9.65
3736,15.98
3737,13.95
3738,12.48
3739,16.73
3740,13.95
3741,16.45
3742,12.95
3743,7.00
3744,17.23
3745,13.45
3746,10.48
3747,10.98
3748,14.13
3749,16.34
3750,7.00
3751,9.23
3752,17.95
3753,13.15
3754,17.95
3755,12.95
3756,14.09
3757,13.95
3758,17.95
3759,7.00
3760,12.95
3761,9.00
3762,17.95
3763,14.50
3764,13.23
3765,13.21
3766,13.95
3767,16.23
3768,7.00
3769,17.45
3770,15.50
3771,15.00
3772,11.95
3773,12.30
3774,14.32
3775,14.95
3776,13.96
3777,17.95
3778,10.25
3779,16.73
3780,13.71
3781,11.95
3782,6.33
3783,11.61
3784,13.95
3785,13.95
3786,16.45
3787,12.30
3788,17.45
3789,17.20
3790,14.50
3791,11.95
3792,10.75
3793,14.84
3794,8.00
3795,17.23
3796,9.32
3797,7.00
3798,14.09
3799,13.30
3800,12.74
3801,16.65
3802,12.45
3803,17.95
3804,17.95
3805,11.95
3806,13.45
3807,13.15
3808,12.95
3809,11.23
3810,7.00
3811,10.50
3812,9.65
3813,16.95
3814,16.95
3815,10.50
3816,12.95
3817,14.50
3818,13.74
3819,14.50
3820,7.00
3821,12.82
3822,10.50
3823,9.00
3824,14.95
3825,17.95
3826,13.95
3827,10.30
3828,14.17
3829,12.95
3830,17.95
3831,9.00
3832,10.50
3833,12.95
3834,13.98
3835,12.95
3836,14.50
3837,10.50
3838,12.95
3839,17.95
3840,17.45
3841,13.48
3842,14.23
3843,14.95
3844,8.00
3845,13.73
3846,11.48
3847,17.95
3848,17.95
3849,7.00
3850,16.95
3851,10.48
3852,13.30
3853,9.86
3854,12.95
3855,14.23
3856,10.98
3857,5.00
3858,13.95
3859,11.95
3860,15.36
3861,11.36
3862,12.95
3863,13.63
3864,6.00
3865,14.85
3866,12.15
3867,12.62
3868,12.95
3869,13.28
3870,14.84
3871,9.50
3872,16.13
3873,17.95
3874,7.00
3875,16.50
3876,17.95
3877,11.82
3878,17.95
3879,12.95
3880,11.21
3881,13.95
3882,16.50
3883,10.50
3884,17.09
3885,14.50
3886,14.71
3887,16.38
3888,13.95
3889,17.95
3890,12.95
3891,16.73
3892,11.97
3893,14.95
3894,17.23
3895,16.73
3896,11.75
3897,14.95
3898,9.00
3899,13.21
3900,13.50
3901,15.48
3902,13.95
3903,15.45
3904,14.23
3905,16.95
3907,16.13
3908,17.95
3909,11.95
3910,14.95
3911,12.10
3912,17.95
3913,16.59
3914,7.99
3915,13.73
3916,9.75
3917,15.95
3918,14.47
3919,12.24
3920,8.00
3921,9.00
3922,11.95
3923,11.99
3924,10.48
3925,12.63
3926,16.50
3927,14.28
3928,11.30
3929,14.95
3930,7.00
3931,9.98
3932,13.95
3933,13.45
3934,11.73
3935,14.10
3936,12.48
3937,17.47
3938,17.95
3939,13.95
3940,11.61
3941,14.50
3942,12.95
3943,9.00
3944,10.98
3945,12.48
3946,17.95
3947,5.00
3948,17.95
3949,13.95
3950,16.50
3951,12.74
3952,12.95
3953,7.00
3954,17.95
3955,11.95
3956,13.95
3957,17.95
3958,16.50
3959,14.45
3960,14.23
3961,7.00
3962,10.50
3963,17.47
3964,17.95
3965,12.95
3966,15.23
3967,12.45
3968,12.34
3969,15.50
3970,16.62
3971,8.98
3972,10.98
3973,11.73
3974,13.35
3975,16.50
3976,14.23
3977,11.82
3978,12.97
3979,17.95
3980,12.95
3981,14.50
3982,13.95
3983,13.95
3984,11.11
3985,10.65
3986,9.00
3987,11.21
3988,17.23
3989,9.48
3990,7.00
3991,11.15
3992,10.36
3993,10.98
3994,15.50
3995,12.50
3996,16.45
3997,11.73
3998,7.00
3999,13.00
4000,11.24
4001,11.25
4002,14.95
4003,17.95
4004,10.50
4005,13.74
4006,13.95
4007,12.95
4008,17.23
4009,12.95
4010,15.45
4011,7.00
4012,9.88
4013,13.73
4014,11.23
4015,11.65
4016,8.00
4017,17.95
4018,7.00
4019,17.95
4020,9.00
4021,14.84
4022,12.48
4023,11.82
4024,14.50
4025,13.30
4026,12.48
4027,15.65
4028,13.95
4029,15.73
4030,17.23
4031,16.32
4032,10.48
4033,7.00
4034,11.86
4035,16.23
4036,11.98
4037,12.60
4038,14.48
4039,14.95
4040,13.45
4041,16.50
4042,14.73
4043,12.95
4044,13.50
4045,11.95
4046,15.95
4047,9.00
4048,13.35
4049,14.95
4050,14.50
4051,10.36
4052,14.50
4053,12.95
4054,10.50
4055,8.65
4056,12.85
4057,15.45
4058,13.15
4059,10.50
4060,10.24
4061,13.95
4062,17.95
4063,13.63
4064,12.03
4065,7.00
4066,16.50
4067,17.95
4068,13.85
4069,17.95
4070,15.00
4071,14.50
4072,16.09
4073,16.62
4074,7.00
4075,7.00
4076,15.45
4077,14.92
4078,14.46
4079,12.95
4080,11.75
4081,7.00
4082,13.95
4083,13.82
4084,7.00
4085,15.50
4086,11.25
4087,12.67
4088,11.98
4089,12.46
4090,10.48
4091,10.75
4092,16.23
4093,11.99
4094,16.50
4095,15.50
4096,9.00
4097,14.73
4098,12.48
4099,13.23
4100,17.95
4101,17.95
4102,13.50
4103,10.61
4104,7.00
4105,15.84
4106,14.23
4107,13.95
4108,13.35
4109,15.95
4110,13.96
4111,16.23
4112,11.33
4113,7.00
4114,13.95
4115,16.95
4116,7.00
4117,7.00
4118,14.95
4119,11.95
4120,13.45
4121,15.59
4122,13.15
4123,13.16
4124,11.11
4125,12.95
4126,13.95
4127,7.00
4128,7.00
4129,14.50
4130,11.63
4131,13.34
4132,11.50
4133,7.00
4134,17.95
4135,10.48
4136,14.34
4137,17.95
4138,17.45
4139,17.95
4140,5.00
4141,12.95
4142,10.48
4143,7.00
4144,16.50
4145,12.74
4146,15.50
4147,13.30
4148,7.00
4149,14.23
4150,12.10
4151,14.23
4152,17.95
4153,7.00
4154,9.00
4155,13.15
4156,13.95
4157,17.95
4158,14.73
4159,16.95
4160,7.00
4161,16.13
4162,13.15
4163,14.50
4164,17.95
4165,13.45
4166,11.61
4167,12.36
4168,12.95
4169,13.95
4170,15.80
4171,16.95
4172,17.95
4173,17.23
4174,14.50
4175,14.50
4176,15.50
4177,12.35
4178,14.45
4179,11.95
4180,16.45
4181,12.95
4182,12.15
4183,5.00
4184,13.75
4185,13.95
4186,13.17
4187,9.00
4188,7.00
4189,14.57
4190,14.50
4191,12.95
4192,9.75
4193,13.95
4194,14.95
4195,14.95
4197,12.95
4198,17.45
4199,16.73
4200,17.95
4201,15.95
4202,15.23
4203,16.62
4204,7.00
4205,13.45
4206,15.70
4207,14.20
4208,10.67
4209,13.73
4210,13.45
4211,12.45
4212,15.95
4213,16.45
4214,12.95
4215,15.45
4216,11.36
4217,17.95
4218,19.95
4219,12.45
4220,15.47
4221,14.50
4222,12.95
4223,16.95
4224,13.65
4225,11.95
4226,17.95
4227,17.45
4228,13.83
4229,13.95
4230,13.95
4231,12.48
4232,13.34
4233,12.97
4234,11.48
4235,14.47
4236,12.30
4237,7.00
4238,13.86
4239,14.95
4240,17.45
4241,11.75
4242,12.95
4243,17.95
4244,14.47
4245,13.35
4246,9.00
4247,13.85
4248,17.23
4249,16.73
4250,14.23
4251,12.97
4252,14.50
4253,7.00
4254,15.13
4255,11.95
4256,13.73
4257,9.65
4258,7.00
4259,10.75
4260,7.00
4261,13.21
4262,14.50
4263,11.98
4264,11.74
4265,11.75
4266,12.15
4267,12.48
4268,14.50
4269,11.48
4270,15.23
4271,11.82
4272,10.48
4273,11.82
4274,17.95
4275,10.50
4276,16.70
4277,15.45
4278,9.98
4279,13.73
4280,15.50
4281,13.95
4282,11.25
4283,17.95
4284,9.98
4285,16.84
4286,19.95
4287,17.23
4288,18.13
4289,11.48
4290,9.98
4291,11.75
4292,9.98
4293,17.95
4294,15.45
4295,14.35
4296,9.00
4297,13.46
4298,14.23
4299,7.00
4300,13.28
4301,14.95
4302,10.50
4303,10.48
4304,14.50
4305,12.61
4306,12.24
4308,15.00
4309,17.95
4310,10.98
4311,11.82
4312,13.95
4313,14.95
4314,16.45
4315,13.48
4316,14.50
4317,13.48
4318,13.95
4319,14.95
4320,11.63
4321,9.00
4322,15.47
4323,15.95
4324,9.00
4325,15.95
4326,11.75
4327,11.95
4328,13.95
4329,13.95
4330,14.23
4331,11.48
4332,12.95
4333,17.23
4334,14.95
4335,15.50
4336,13.95
4337,12.48
4338,7.00
4339,10.50
4340,15.95
4341,13.45
4342,12.96
4343,13.70
4344,9.98
4345,11.63
4346,10.48
4347,11.95
4348,16.95
4349,11.95
4350,12.49
4351,15.45
4352,13.50
4353,17.95
4354,19.95
4355,17.95
4356,13.20
4357,15.59
4358,11.33
4359,13.95
4360,12.95
4361,17.95
4362,13.95
4363,13.12
4364,14.91
4365,13.73
4366,17.95
4367,13.95
4368,12.95
4369,11.48
4370,17.95
4371,15.17
4372,11.00
4373,16.50
4374,12.95
4375,14.48
4376,14.45
4377,13.63
4378,8.75
4379,10.82
4380,13.30
4381,13.46
4382,8.00
4383,11.63
4384,11.73
4385,9.38
4386,12.80
4387,12.25
4388,7.00
4389,11.75
4390,9.98
4391,12.60
4392,17.45
4393,17.95
4394,13.23
4395,18.62
4396,13.28
4397,14.62
4398,7.00
4399,16.50
4400,13.97
4401,10.65
4402,17.95
4403,16.23
4404,9.48
4405,17.23
4406,13.62
4407,16.95
4408,19.95
4409,14.95
4411,5.00
4412,16.45
4413,14.50
4414,14.50
4415,13.95
4416,15.22
4417,14.95
4418,17.95
4419,10.50
4420,11.75
4421,14.50
4422,12.78
4423,15.18
4424,14.50
4425,14.48
4426,10.98
4427,14.50
4428,12.95
4429,13.95
4430,7.00
4431,17.95
4432,13.82
4433,7.00
4434,16.95
4435,15.50
4436,15.45
4437,15.50
4438,15.80
4439,14.95
4440,12.45
4441,15.35
4442,15.95
4443,13.95
4444,13.10
4445,15.13
4446,14.50
4447,12.46
4448,17.95
4449,17.95
4450,7.00
4451,10.75
4452,9.00
4453,7.00
4454,11.48
4455,13.95
4456,17.95
4457,9.73
4458,13.15
4459,7.00
4460,15.98
4461,13.95
4462,9.00
4463,11.75
4464,8.00
4465,17.95
4466,13.45
4467,12.97
4468,16.95
4469,11.48
4470,12.30
4471,14.85
4472,17.95
4473,12.95
4474,12.95
4475,10.50
4476,14.95
4477,10.86
4478,13.85
4479,12.79
4480,12.95
4481,14.50
4482,14.19
4483,14.50
4484,10.98
4485,14.23
4486,9.00
4487,13.21
4488,17.09
4489,10.48
4490,11.95
4491,13.45
4492,11.73
4493,14.23
4494,11.98
4495,12.48
4496,14.70
4497,13.95
4498,10.50
4499,15.95
4500,9.98
4501,15.47
4502,15.23
4503,11.48
4504,10.75
4505,16.28
4506,14.80
4507,16.62
4508,17.73
4509,5.00
4510,16.34
4511,11.48
4512,19.95
4513,16.20
4514,14.23
4515,10.48
4516,17.95
4517,12.95
4518,9.00
4519,11.95
4520,10.82
4521,16.62
4522,16.50
4523,14.50
4524,13.45
4525,13.49
4526,13.73
4527,10.86
4528,11.48
4529,12.95
4530,17.95
4531,8.98
4532,11.63
4533,11.50
4534,16.62
4535,17.95
4536,17.95
4537,11.98
4538,12.15
4539,13.95
4540,13.73
4541,13.95
4542,17.95
4543,14.95
4544,15.95
4545,16.50
4546,12.73
4547,9.00
4548,10.86
4549,14.95
4550,9.98
4551,12.95
4552,12.48
4553,10.50
4554,14.95
4555,12.10
4556,12.48
4557,14.50
4559,13.95
4560,12.33
4561,12.95
4562,11.95
4563,16.80
4564,11.95
4565,15.45
4566,12.48
4567,10.75
4568,9.98
4569,15.45
4570,11.95
4571,17.95
4572,12.45
4573,11.82
4574,9.00
4575,17.45
4576,10.61
4577,7.00
4578,15.45
4579,8.75
4580,17.13
4581,7.00
4582,13.47
4583,16.00
4584,16.45
4585,14.50
4586,17.95
4587,11.75
4588,16.50
4589,15.85
4590,9.98
4591,13.23
4592,9.00
4593,16.95
4594,7.00
4595,11.95
4596,11.48
4597,12.30
4598,13.95
4599,13.95
4600,17.95
4601,14.50
4602,15.13
4603,9.69
4604,14.95
4605,14.95
4606,9.00
4607,12.45
4608,13.60
4609,14.95
4610,5.00
4611,10.72
4612,17.95
4613,17.95
4614,17.95
4615,15.95
4616,17.95
4617,15.48
4618,5.00
4619,10.32
4620,14.95
4621,9.98
4622,14.45
4623,12.93
4624,11.95
4625,10.23
4626,13.95
4627,14.73
4628,16.13
4629,15.95
4630,13.10
4631,15.45
4632,17.23
4633,19.95
4634,14.95
4635,15.50
4636,12.45
4637,14.48
4638,10.48
4639,16.80
4640,10.50
4641,14.73
4642,13.86
4643,10.48
4644,12.85
4645,15.48
4646,13.95
4647,14.23
4648,14.23
4649,14.50
4650,12.50
4651,12.60
4652,9.48
4653,10.98
4654,16.50
4655,15.50
4656,18.95
4657,17.95
4658,7.00
4659,14.50
4660,14.50
4661,13.35
4662,14.48
4663,7.00
4664,10.35
4665,12.98
4666,13.45
4667,12.48
4668,14.45
4669,12.36
4670,13.63
4671,13.48
4672,16.95
4673,11.97
4674,14.95
4675,13.45
4676,17.95
4677,14.50
4678,11.95
4679,13.95
4680,7.00
4681,6.00
4682,5.00
4683,13.73
4684,7.00
4685,16.23
4686,14.45
4687,10.48
4688,12.95
4689,12.48
4690,11.75
4691,14.50
4692,12.97
4693,11.30
4694,16.23
4695,17.95
4696,13.95
4697,9.48
4698,10.73
4699,14.73
4700,14.95
4701,14.23
4702,12.98
4703,9.86
4704,17.95
4705,13.95
4706,15.09
4707,17.45
4708,16.32
4709,14.23
4710,10.65
4711,13.98
4712,12.95
4713,17.95
4714,15.50
4715,17.95
4716,16.80
4717,7.00
4718,14.50
4719,9.00
4720,12.48
4721,12.48
4722,12.85
4723,12.96
4724,12.95
4725,11.30
4726,12.23
4727,10.97
4728,10.32
4729,15.50
4730,15.20
4731,9.00
4732,13.26
4733,16.13
4734,5.00
4735,12.97
4736,17.95
4737,16.50
4738,19.95
4739,19.95
4740,13.46
4741,9.49
4742,15.23
4743,10.50
4744,7.00
4745,5.00
4746,14.13
4747,10.48
4748,17.95
4749,17.95
4750,11.15
4751,13.73
4752,13.95
4753,7.00
4754,16.50
4755,13.84
4756,15.73
4757,10.50
4758,17.95
4759,15.45
4760,15.62
4761,7.98
4762,19.95
4763,11.32
4764,9.50
4765,16.23
4766,15.95
4767,9.13
4768,9.23
4769,17.95
4770,10.48
4771,11.24
4772,13.45
4773,7.00
4774,17.95
4775,13.85
4776,10.48
4777,16.73
4778,7.00
4779,8.00
4780,15.50
4781,7.00
4782,9.98
4783,12.30
4784,16.95
4785,7.00
4786,14.50
4787,14.95
4788,9.00
4789,12.10
4790,14.50
4791,9.48
4792,9.00
4793,12.95
4794,15.45
4795,14.47
4796,16.50
4797,7.75
4798,16.13
4799,15.95
4800,16.95
4801,13.35
4802,7.00
4803,17.95
4804,17.95
4805,14.45
4806,13.60
4807,14.23
4808,14.97
4809,15.11
4810,15.28
4811,10.48
4812,5.00
4813,9.00
4814,15.50
4815,15.45
4816,12.95
4817,13.00
4818,11.95
4819,12.48
4820,15.50
4821,10.65
4822,12.36
4823,14.95
4824,7.00
4825,12.49
4826,17.95
4827,5.00
4828,12.95
4829,9.98
4830,11.82
4831,9.00
4832,14.95
4833,17.95
4834,9.00
4835,15.00
4836,13.63
4837,13.45
4838,10.76
4839,14.95
4840,13.48
4841,13.96
4842,14.95
4843,15.95
4844,12.95
4845,6.00
4846,14.73
4847,14.50
4848,14.50
4849,17.95
4850,12.98
4851,14.50
4852,13.95
4853,10.50
4854,16.73
4856,7.00
4857,15.84
4858,14.95
4859,10.17
4860,7.00
4861,13.95
4862,14.95
4863,13.45
4864,14.48
4865,13.73
4866,16.45
4867,16.95
4868,10.48
4869,12.15
4870,17.95
4871,15.80
4872,16.23
4873,7.00
4874,7.00
4875,11.82
4876,7.00
4877,14.45
4878,11.95
4879,15.50
4880,16.73
4881,12.11
4882,13.95
4883,14.95
4884,10.50
4885,5.00
4886,16.45
4887,13.48
4888,7.00
4889,12.95
4890,14.50
4891,10.11
4892,16.62
4893,13.35
4894,11.48
4895,12.95
4896,19.95
4897,17.95
4898,7.00
4899,11.48
4900,7.00
4901,13.80
4902,11.30
4903,9.98
4904,7.00
4905,14.73
4906,12.48
4907,11.15
4908,15.50
4909,7.00
4910,10.50
4911,9.49
4912,15.13
4913,12.95
4915,13.95
4916,16.50
4917,14.50
4918,12.95
4919,10.63
4920,15.45
4921,10.48
4922,8.48
4923,14.50
4924,11.48
4925,12.48
4926,13.95
4927,13.96
4928,12.48
4929,8.98
4930,10.83
4931,14.73
4932,14.23
4933,11.82
4934,17.95
4935,16.62
4936,13.95
4937,16.23
4938,15.73
4939,14.70
4940,17.62
4941,11.95
4942,12.85
4943,17.95
4944,9.00
4945,17.95
4946,15.23
4947,15.95
4948,7.00
4949,17.95
4950,14.80
4951,14.23
4952,13.95
4953,7.00
4954,13.73
4955,12.65
4956,10.75
4957,14.95
4958,14.50
4959,7.00
4960,5.00
4961,13.95
4962,14.95
4963,14.95
4964,12.95
4965,14.23
4966,14.50
4967,16.13
4968,12.74
4969,12.17
4970,14.21
4971,12.85
4972,13.47
4973,13.95
4974,15.80
4975,14.50
4976,17.95
4977,10.63
4978,11.82
4979,13.34
4980,15.95
4981,14.97
4982,7.00
4983,11.15
4984,14.23
4985,15.50
4986,12.95
4987,14.15
4988,14.80
4989,13.95
4990,7.00
4991,12.45
4992,9.98
4993,10.50
4994,11.48
4995,8.98
4996,17.95
4997,17.95
4998,17.95
4999,16.23
5000,15.95
5001,10.50
5002,8.98
5003,13.48
5004,14.95
5005,11.95
5006,16.23
5007,5.00
5008,8.48
5009,8.00
5010,7.00
5011,8.49
5012,19.95
5013,14.09
5014,19.95
5015,14.23
5016,15.50
5017,13.06
5018,7.00
5019,12.98
5020,13.95
5021,15.45
5022,12.97
5023,13.95
5024,12.48
5025,12.95
5026,11.98
5027,17.95
